geoid,name,B02001001,"B02001001, Error",B02001002,"B02001002, Error",B02001003,"B02001003, Error",B02001004,"B02001004, Error",B02001005,"B02001005, Error",B02001006,"B02001006, Error",B02001007,"B02001007, Error",B02001008,"B02001008, Error",B02001009,"B02001009, Error",B02001010,"B02001010, Error"
04000US26,Michigan,9965265,0,7813755,4058,1374314,4050,53316,1913,311721,2061,3099,339,117801,3429,291259,5445,26495,1502,264764,5124
86000US48001,"48001",11903,92,11547,179,12,15,67,55,71,79,13,20,83,79,110,85,0,16,110,85
86000US48002,"48002",3224,32,3183,44,0,10,0,10,0,10,0,10,0,10,41,28,6,9,35,28
86000US48003,"48003",6047,179,5967,185,1,4,8,13,58,47,0,15,0,15,13,16,0,15,13,16
86000US48005,"48005",5509,20,5341,82,42,49,21,33,10,11,0,15,0,15,95,54,16,25,79,48
86000US48006,"48006",4058,192,3919,214,17,22,0,10,13,13,0,10,0,10,109,64,3,6,106,64
86000US48009,"48009",21201,39,19096,444,712,309,11,16,813,292,0,19,35,34,534,181,10,16,524,180
86000US48014,"48014",4136,65,3807,155,9,12,5,6,0,10,0,10,132,75,183,94,18,15,165,92
86000US48015,"48015",8260,25,5802,346,1805,281,0,15,323,235,5,12,36,30,289,226,18,29,271,222
86000US48017,"48017",11910,37,11179,199,138,89,8,12,228,117,0,16,68,54,289,105,23,26,266,102
86000US48021,"48021",32336,130,14741,735,15473,832,431,230,272,185,0,22,404,322,1015,313,45,38,970,308
86000US48022,"48022",2605,17,2562,33,15,22,0,10,0,10,0,10,0,10,28,25,0,10,28,25
86000US48023,"48023",5094,23,5012,88,50,76,4,8,0,15,0,15,20,21,8,13,8,13,0,15
86000US48025,"48025",14820,30,12307,482,1409,427,72,59,481,145,3,6,59,51,489,150,48,45,441,142
86000US48026,"48026",14580,22,13040,418,726,218,63,60,302,124,0,16,8,14,441,303,30,33,411,300
86000US48027,"48027",3194,38,3144,66,0,10,0,10,0,10,0,10,0,10,50,53,0,10,50,53
86000US48028,"48028",999,91,981,89,0,10,4,7,0,10,0,10,0,10,14,16,0,10,14,16
86000US48030,"48030",16525,22,13023,584,2197,468,65,49,224,148,16,28,139,83,861,300,14,22,847,301
86000US48032,"48032",1875,208,1763,191,28,36,9,12,23,22,5,7,3,5,44,25,2,3,42,24
86000US48033,"48033",16757,738,3422,470,11837,832,35,51,346,208,24,48,73,83,1020,478,71,72,949,458
86000US48034,"48034",13846,645,2810,391,9640,796,27,28,586,256,0,16,241,200,542,233,8,11,534,233
86000US48035,"48035",35599,896,25549,1005,8217,984,67,52,406,223,103,153,219,202,1038,294,72,85,966,286
86000US48036,"48036",21353,813,15261,717,4614,764,261,298,512,389,0,19,15,25,690,278,74,82,616,256
86000US48038,"48038",43478,1003,35170,1035,5905,946,171,143,1119,415,0,22,29,28,1084,365,34,39,1050,366
86000US48039,"48039",7573,22,7478,88,0,15,10,16,0,15,0,15,0,15,85,84,0,15,85,84
86000US48040,"48040",9693,37,9318,245,47,68,22,24,0,15,0,15,78,79,228,178,114,132,114,87
86000US48041,"48041",4536,223,4474,229,3,5,0,10,0,10,0,10,12,18,47,38,0,10,47,38
86000US48042,"48042",31485,742,29199,787,757,299,21,24,1050,401,0,22,159,145,299,160,7,11,292,160
86000US48043,"48043",16332,76,11479,529,4013,453,69,63,19,22,0,16,94,90,658,230,81,73,577,223
86000US48044,"48044",57745,745,50589,1016,3967,569,82,58,1642,327,0,24,262,148,1203,311,94,96,1109,298
86000US48045,"48045",24995,41,21837,626,2341,482,7,9,279,222,0,19,61,86,470,198,27,32,443,197
86000US48047,"48047",40535,822,36455,994,2153,573,142,94,490,329,17,37,105,81,1173,355,112,102,1061,337
86000US48048,"48048",7973,251,6946,443,519,242,7,16,0,15,0,15,146,161,355,241,0,15,355,241
86000US48049,"48049",5451,22,5375,55,17,29,0,15,1,4,0,15,0,15,58,47,0,15,58,47
86000US48050,"48050",1416,237,1380,233,0,10,16,26,0,10,0,10,0,10,20,32,0,10,20,32
86000US48051,"48051",18878,822,15975,816,1772,407,105,93,63,59,16,25,579,412,368,255,10,15,358,262
86000US48054,"48054",7170,24,6915,150,61,69,0,15,38,44,0,15,39,62,117,74,14,21,103,72
86000US48059,"48059",14932,22,14265,240,134,69,9,14,73,80,0,16,86,65,365,209,0,16,365,209
86000US48060,"48060",39405,46,33070,548,3009,373,90,55,527,290,33,35,376,212,2300,433,133,91,2167,402
86000US48062,"48062",9604,168,8794,417,91,71,0,15,0,15,245,288,198,195,276,132,22,33,254,132
86000US48063,"48063",4013,17,3811,152,104,135,0,10,0,10,0,10,21,31,77,53,0,10,77,53
86000US48064,"48064",4036,30,3921,75,8,11,8,12,63,58,0,10,0,10,36,26,4,8,32,23
86000US48065,"48065",11042,295,10302,358,308,187,0,16,141,165,0,16,146,135,145,92,0,16,145,92
86000US48066,"48066",47507,116,35322,933,9562,876,203,104,745,262,15,23,363,161,1297,294,80,77,1217,283
86000US48067,"48067",24556,475,22237,575,746,193,6,9,828,233,0,19,122,86,617,205,16,18,601,203
86000US48069,"48069",2431,119,2198,132,51,53,6,10,56,41,6,10,12,14,102,61,5,7,97,58
86000US48070,"48070",6322,23,5925,163,103,82,0,15,131,86,0,15,13,20,150,96,4,7,146,93
86000US48071,"48071",30120,39,24335,876,2564,568,129,88,1741,527,0,22,333,386,1018,321,96,132,922,303
86000US48072,"48072",15372,29,14173,344,486,266,50,59,191,91,0,16,26,29,446,172,22,35,424,169
86000US48073,"48073",34700,479,31025,702,1458,468,35,27,1624,418,21,32,106,90,431,165,0,22,431,165
86000US48074,"48074",9172,44,8786,172,6,15,20,20,38,47,0,15,1,3,321,158,23,35,298,149
86000US48075,"48075",21758,590,4416,344,15973,668,27,31,264,100,0,19,353,213,725,226,13,19,712,225
86000US48076,"48076",24947,949,7608,532,15950,915,39,34,513,259,0,19,66,43,771,236,8,13,763,236
86000US48079,"48079",12188,25,11745,195,48,56,18,18,167,92,6,10,29,31,175,115,8,12,167,114
86000US48080,"48080",22592,466,19777,522,2203,311,36,34,206,90,0,19,33,31,337,140,42,29,295,141
86000US48081,"48081",20671,454,19476,495,650,325,31,36,113,58,0,19,34,39,367,153,5,7,362,152
86000US48082,"48082",16200,307,15465,336,265,195,29,41,71,50,24,32,49,42,297,126,50,51,247,104
86000US48083,"48083",22561,600,15218,575,976,361,31,39,5554,456,0,19,233,191,549,197,85,81,464,182
86000US48084,"48084",15737,592,8710,447,738,322,23,27,5635,636,17,27,136,102,478,138,31,27,447,131
86000US48085,"48085",26459,559,19746,544,877,316,235,318,5117,479,0,19,13,19,471,174,79,101,392,159
86000US48088,"48088",22189,722,18501,730,2228,508,84,72,882,312,10,17,166,145,318,137,32,35,286,136
86000US48089,"48089",31226,1031,18429,928,10026,917,65,49,1673,463,0,22,75,45,958,256,41,43,917,255
86000US48091,"48091",29811,985,16385,867,7087,769,337,399,4830,734,0,19,53,89,1119,376,47,48,1072,373
86000US48092,"48092",26939,658,19792,710,2447,451,31,41,3841,318,35,50,243,205,550,210,15,17,535,211
86000US48093,"48093",24632,854,18219,913,4276,467,78,65,1369,330,17,27,113,96,560,222,28,30,532,226
86000US48094,"48094",19872,445,18812,608,334,205,0,16,279,282,0,16,63,72,384,157,28,29,356,162
86000US48095,"48095",5765,341,5435,386,54,70,7,10,131,142,0,15,0,15,138,135,0,15,138,135
86000US48096,"48096",4010,19,3995,32,6,15,0,10,0,10,0,10,3,7,6,13,6,13,0,10
86000US48097,"48097",5273,192,5112,202,10,15,18,14,12,16,0,15,32,30,89,37,2,4,87,37
86000US48098,"48098",19232,559,13020,505,428,218,75,51,5174,452,0,16,33,46,502,183,11,18,491,183
86000US48101,"48101",27216,33,24795,597,668,243,28,31,239,89,0,19,737,352,749,293,147,180,602,221
86000US48103,"48103",55118,1096,43638,1091,2401,367,391,231,5806,571,0,24,292,118,2590,538,147,106,2443,484
86000US48104,"48104",43369,1090,33964,1225,2039,324,87,71,5450,502,55,59,257,132,1517,317,75,62,1442,318
86000US48105,"48105",36718,1043,21483,1012,2350,393,65,53,11295,691,9,15,319,201,1197,248,14,20,1183,247
86000US48108,"48108",26753,755,17308,788,3729,464,141,172,3916,545,30,35,217,95,1412,361,106,72,1306,352
86000US48109,"48109",5506,322,3671,313,410,93,24,31,1173,198,0,15,29,28,199,73,0,15,199,73
86000US48111,"48111",40926,524,29152,886,9245,788,42,45,423,202,0,22,83,78,1981,396,102,73,1879,405
86000US48114,"48114",21177,574,20583,563,269,157,48,35,92,48,0,19,28,30,157,85,0,19,157,85
86000US48116,"48116",27244,646,26202,622,124,71,73,79,365,142,0,19,182,127,298,124,40,49,258,113
86000US48117,"48117",10039,319,9570,367,220,111,37,33,24,22,0,16,104,109,84,54,0,16,84,54
86000US48118,"48118",12827,416,12312,424,123,67,12,12,110,72,0,16,35,44,235,96,0,16,235,96
86000US48120,"48120",7386,537,5662,496,643,261,8,12,594,217,0,15,85,85,394,234,6,11,388,235
86000US48122,"48122",10348,28,7053,714,1680,442,20,33,168,221,0,16,874,407,553,420,85,66,468,414
86000US48124,"48124",28396,920,25770,966,1265,321,46,33,366,133,0,19,264,160,685,212,37,45,648,212
86000US48125,"48125",20110,511,17339,651,1402,391,157,171,177,132,0,19,452,286,583,237,76,78,507,216
86000US48126,"48126",48424,964,44169,1004,836,222,123,83,1217,344,5,9,223,201,1851,538,126,123,1725,528
86000US48127,"48127",35747,509,30833,891,2987,686,25,25,758,260,91,123,263,132,790,237,72,44,718,234
86000US48128,"48128",10495,407,10109,402,185,139,0,16,74,79,0,16,29,32,98,56,13,20,85,58
86000US48130,"48130",15756,591,14745,655,121,108,30,34,309,173,0,16,153,160,398,187,43,40,355,185
86000US48131,"48131",7060,264,6886,316,60,72,12,18,28,29,0,15,2,4,72,84,0,15,72,84
86000US48133,"48133",5227,346,4954,347,108,111,0,15,0,15,0,15,7,11,158,107,8,13,150,107
86000US48134,"48134",21937,673,19299,812,1440,392,37,34,316,238,0,19,264,207,581,341,248,316,333,138
86000US48135,"48135",26683,31,24542,521,913,341,84,81,452,223,0,19,78,79,614,244,43,36,571,231
86000US48137,"48137",5245,458,5062,448,37,32,4,6,18,25,0,15,16,26,108,99,0,15,108,99
86000US48138,"48138",10159,50,9719,145,71,66,13,20,258,98,0,16,13,22,85,52,0,16,85,52
86000US48139,"48139",135,81,87,51,28,42,0,10,0,10,0,10,0,10,20,30,0,10,20,30
86000US48140,"48140",3251,288,3248,288,3,5,0,10,0,10,0,10,0,10,0,10,0,10,0,10
86000US48141,"48141",24520,41,4391,857,18075,824,266,267,153,136,5,7,434,263,1196,510,366,348,830,386
86000US48143,"48143",0,10,0,10,0,10,0,10,0,10,0,10,0,10,0,10,0,10,0,10
86000US48144,"48144",9545,455,9054,520,116,110,7,12,43,41,0,15,0,15,325,263,0,15,325,263
86000US48145,"48145",3358,226,3315,225,5,7,5,8,8,11,0,10,0,10,25,35,0,10,25,35
86000US48146,"48146",36697,44,28514,934,3189,673,175,135,198,146,0,22,3258,737,1363,432,336,229,1027,361
86000US48150,"48150",25938,484,23650,552,1018,248,14,21,592,213,10,17,95,54,559,178,0,19,559,178
86000US48152,"48152",31018,441,27102,674,1644,340,77,60,1469,327,0,22,47,31,679,242,101,80,578,219
86000US48154,"48154",37293,506,34010,603,1427,229,20,19,975,288,18,30,54,52,789,213,6,13,783,214
86000US48157,"48157",1217,146,1173,149,0,10,0,10,2,3,3,4,8,12,31,24,0,10,31,24
86000US48158,"48158",7585,280,7345,294,89,71,47,44,26,33,0,15,7,10,71,52,0,15,71,52
86000US48159,"48159",2615,266,2502,273,45,28,0,10,22,25,0,10,0,10,46,54,21,36,25,42
86000US48160,"48160",13565,517,11799,517,1141,175,45,41,69,47,0,16,127,101,384,147,54,50,330,142
86000US48161,"48161",26254,509,23986,597,929,311,149,135,168,90,8,13,147,124,867,277,62,85,805,250
86000US48162,"48162",27659,649,25746,668,1042,473,72,57,96,80,0,19,166,151,537,227,18,27,519,223
86000US48164,"48164",8713,673,8363,667,106,59,25,40,80,63,0,15,19,29,120,73,0,15,120,73
86000US48165,"48165",7506,543,7115,579,97,92,21,22,136,113,0,15,28,32,109,110,0,15,109,110
86000US48166,"48166",11758,586,10967,613,394,254,39,37,51,61,0,16,1,3,306,159,32,49,274,158
86000US48167,"48167",22382,844,17557,874,1358,436,109,140,2539,489,0,19,266,172,553,222,56,64,497,209
86000US48168,"48168",22849,704,17985,830,517,328,37,39,3579,398,0,19,10,17,721,330,0,19,721,330
86000US48169,"48169",21818,577,21316,632,79,54,17,26,212,128,10,17,11,17,173,89,0,19,173,89
86000US48170,"48170",39470,414,36685,578,569,221,51,40,1407,332,0,22,97,50,661,255,39,37,622,253
86000US48173,"48173",12443,493,11641,575,283,176,0,16,161,118,0,16,57,86,301,163,54,85,247,142
86000US48174,"48174",31633,821,19479,989,10241,774,35,38,660,253,0,22,226,178,992,283,5,9,987,282
86000US48176,"48176",23640,646,20829,715,422,158,82,57,1089,428,0,19,308,221,910,353,9,12,901,351
86000US48177,"48177",229,155,229,155,0,10,0,10,0,10,0,10,0,10,0,10,0,10,0,10
86000US48178,"48178",35390,726,33385,764,206,144,44,41,824,226,0,22,75,64,856,262,110,138,746,235
86000US48179,"48179",3686,421,3404,396,87,62,29,47,50,37,0,10,27,35,89,63,0,10,89,63
86000US48180,"48180",61379,43,46207,1111,11743,1008,231,100,900,350,0,24,532,212,1766,360,137,85,1629,339
86000US48182,"48182",22463,650,21655,682,190,145,13,20,263,166,0,19,71,71,271,133,16,26,255,132
86000US48183,"48183",42248,563,37921,706,2126,426,52,49,1079,305,0,22,246,124,824,324,47,49,777,321
86000US48184,"48184",17279,465,13121,621,3237,403,39,52,143,93,0,16,122,116,617,298,0,16,617,298
86000US48185,"48185",48007,819,35299,1059,8194,880,200,190,2923,672,0,22,449,199,942,222,24,27,918,218
86000US48186,"48186",33931,812,25585,885,6035,564,160,118,860,344,7,12,307,189,977,285,80,56,897,286
86000US48187,"48187",50037,747,35836,927,3940,469,26,23,8259,642,0,24,371,171,1605,356,159,101,1446,330
86000US48188,"48188",41883,750,26471,808,4547,407,177,109,9239,622,0,22,194,176,1255,357,236,150,1019,321
86000US48189,"48189",13830,626,13241,633,107,92,24,28,98,77,0,16,47,51,313,191,0,16,313,191
86000US48190,"48190",226,212,202,207,24,37,0,10,0,10,0,10,0,10,0,10,0,10,0,10
86000US48191,"48191",4436,359,3819,391,162,154,26,38,7,12,0,10,19,29,403,238,0,10,403,238
86000US48192,"48192",25044,25,23965,247,216,85,41,26,149,83,0,19,316,162,357,159,72,67,285,147
86000US48193,"48193",15754,386,13703,458,1035,321,22,38,631,354,0,16,194,108,169,102,0,16,169,102
86000US48195,"48195",29165,29,24839,741,1772,464,187,135,1155,524,0,19,477,345,735,267,161,133,574,222
86000US48197,"48197",68108,918,43208,1021,16780,940,212,104,3436,436,47,45,824,335,3601,623,139,94,3462,614
86000US48198,"48198",38451,743,21040,868,14045,876,342,230,755,266,23,31,197,100,2049,557,107,100,1942,540
86000US48201,"48201",15846,884,4343,457,9231,727,30,27,1519,291,13,34,181,88,529,167,111,83,418,142
86000US48202,"48202",15816,950,3903,473,10503,815,112,143,745,222,19,24,76,46,458,176,42,48,416,171
86000US48203,"48203",23063,933,1631,278,20803,952,20,19,37,35,23,28,198,141,351,142,15,22,336,140
86000US48204,"48204",23927,1468,1221,453,22075,1506,277,308,41,42,0,19,15,22,298,159,28,38,270,153
86000US48205,"48205",33956,1470,1228,309,32127,1501,53,45,236,126,20,24,53,76,239,119,11,19,228,118
86000US48206,"48206",16065,1144,955,260,14454,1073,41,38,177,149,5,7,60,58,373,201,24,21,349,201
86000US48207,"48207",20809,941,3681,406,16128,898,62,51,460,162,0,19,60,39,418,151,18,21,400,142
86000US48208,"48208",9026,698,1725,317,6926,568,15,16,97,71,0,15,42,43,221,98,43,46,178,96
86000US48209,"48209",31624,1507,16056,1548,3190,892,324,199,30,29,6,9,11113,1498,905,303,451,221,454,189
86000US48210,"48210",30046,1238,18427,1239,5195,600,86,102,14,16,0,22,5099,891,1225,327,197,129,1028,303
86000US48211,"48211",6229,650,2447,483,3200,465,15,16,119,127,0,15,200,209,248,160,0,15,248,160
86000US48212,"48212",38162,1063,15528,1066,8945,894,119,80,11565,1128,89,113,415,230,1501,460,132,85,1369,449
86000US48213,"48213",22148,1253,543,167,21477,1223,46,35,27,23,0,19,13,13,42,32,5,12,37,30
86000US48214,"48214",21599,1141,3890,500,17197,1154,46,37,88,51,0,19,81,57,297,126,7,17,290,125
86000US48215,"48215",11690,779,1135,270,10269,778,0,16,30,26,0,16,88,89,168,80,0,16,168,80
86000US48216,"48216",5318,545,2528,380,2225,382,24,28,66,49,0,15,358,159,117,69,39,43,78,54
86000US48217,"48217",6678,706,833,515,5347,673,0,15,0,15,0,15,372,323,126,109,69,92,57,49
86000US48218,"48218",7502,28,3097,433,3666,283,28,33,0,15,0,15,509,315,202,235,0,15,202,235
86000US48219,"48219",47632,1677,3014,476,43400,1706,186,167,178,137,5,11,171,144,678,277,48,46,630,268
86000US48220,"48220",22548,190,17797,477,3306,421,174,189,255,78,0,19,128,81,888,247,39,36,849,244
86000US48221,"48221",41523,1644,2868,441,37153,1603,120,108,343,205,0,22,174,145,865,281,96,101,769,269
86000US48223,"48223",25746,1326,1967,349,22696,1311,166,148,99,76,0,19,207,142,611,264,83,63,528,231
86000US48224,"48224",41453,1863,3667,536,36676,1919,183,170,81,82,10,15,47,42,789,219,89,85,700,214
86000US48225,"48225",14194,246,4518,335,8659,441,37,44,308,209,0,16,39,54,633,271,0,16,633,271
86000US48226,"48226",7150,469,3468,357,2631,333,59,55,697,195,0,15,148,77,147,80,6,8,141,79
86000US48227,"48227",41353,1699,629,195,39866,1688,144,101,6,12,6,9,86,80,616,233,26,22,590,229
86000US48228,"48228",56262,1974,10950,1046,42453,1821,304,201,53,51,11,17,1398,670,1093,402,45,38,1048,404
86000US48229,"48229",9432,74,3755,494,3891,462,226,175,0,15,102,76,419,276,1039,390,46,52,993,382
86000US48230,"48230",16359,27,14390,273,1072,196,16,20,297,131,0,16,87,49,497,193,7,12,490,194
86000US48233,"48233",0,10,0,10,0,10,0,10,0,10,0,10,0,10,0,10,0,10,0,10
86000US48234,"48234",34307,1308,1236,307,32295,1371,58,60,72,90,0,22,195,144,451,222,0,22,451,222
86000US48235,"48235",46450,1863,983,381,44513,1887,117,114,73,59,0,22,211,194,553,242,140,157,413,201
86000US48236,"48236",29492,491,25653,487,2747,577,23,26,584,185,0,19,48,31,437,198,39,41,398,193
86000US48237,"48237",29726,34,11068,619,16677,650,27,24,486,236,0,19,178,238,1290,392,26,30,1264,393
86000US48238,"48238",25038,1423,468,136,24068,1433,44,37,99,77,0,19,26,28,333,168,0,19,333,168
86000US48239,"48239",36364,801,16609,1073,17993,1067,142,110,176,140,0,22,733,347,711,257,25,32,686,254
86000US48240,"48240",16978,595,9635,556,6531,563,135,110,65,76,0,16,139,116,473,239,9,16,464,238
86000US48242,"48242",0,10,0,10,0,10,0,10,0,10,0,10,0,10,0,10,0,10,0,10
86000US48243,"48243",0,10,0,10,0,10,0,10,0,10,0,10,0,10,0,10,0,10,0,10
86000US48301,"48301",14796,533,12639,583,834,379,10,16,796,272,0,16,84,87,433,164,19,21,414,165
86000US48302,"48302",15964,575,12313,653,1212,340,81,69,1692,285,0,16,166,112,500,163,100,97,400,139
86000US48304,"48304",16237,507,13295,630,1188,307,43,41,1216,285,0,16,113,92,382,206,68,92,314,173
86000US48306,"48306",27334,684,23666,743,742,252,23,25,2337,361,0,19,31,41,535,199,29,33,506,194
86000US48307,"48307",43674,641,35141,741,1968,379,70,58,5195,581,0,22,442,243,858,234,79,70,779,227
86000US48309,"48309",30215,545,24825,694,1154,223,62,64,3259,385,0,22,198,98,717,209,42,41,675,187
86000US48310,"48310",43545,869,34665,1231,2261,565,212,194,4942,612,0,22,163,109,1302,443,23,29,1279,437
86000US48312,"48312",34882,809,27713,1101,2947,492,21,22,2985,636,0,22,378,258,838,284,25,34,813,283
86000US48313,"48313",33467,749,30302,899,1732,453,115,139,607,241,0,22,343,279,368,171,100,95,268,158
86000US48314,"48314",20582,538,17646,649,915,370,29,38,1647,244,0,19,4,10,341,132,28,33,313,127
86000US48315,"48315",27662,619,25337,691,680,258,0,19,1024,293,0,19,39,54,582,237,12,20,570,239
86000US48316,"48316",27858,731,26045,860,284,157,27,31,784,342,0,19,116,101,602,231,12,19,590,232
86000US48317,"48317",28651,704,24308,1002,1074,470,36,34,2239,737,59,92,152,236,783,303,135,137,648,269
86000US48320,"48320",4933,129,4616,200,184,146,23,27,75,98,0,10,12,18,23,21,0,10,23,21
86000US48322,"48322",32608,622,21596,682,6019,642,141,123,3780,535,0,22,77,85,995,348,60,61,935,347
86000US48323,"48323",17128,719,13963,623,1791,425,24,30,1137,221,0,16,26,43,187,108,0,16,187,108
86000US48324,"48324",17830,734,15421,751,678,252,11,13,1149,259,0,16,37,38,534,212,0,16,534,212
86000US48326,"48326",22352,185,13479,546,3670,543,57,51,4061,586,36,56,203,111,846,299,23,22,823,299
86000US48327,"48327",21937,663,19663,750,1134,308,63,53,312,213,28,43,208,180,529,225,104,88,425,206
86000US48328,"48328",26476,676,21415,704,2005,366,131,82,765,421,24,38,1082,432,1054,344,48,41,1006,345
86000US48329,"48329",24400,731,22050,745,892,332,164,101,389,228,0,19,179,115,726,260,47,51,679,254
86000US48331,"48331",21372,649,15007,712,3423,657,7,11,2424,308,0,19,103,92,408,146,12,19,396,146
86000US48334,"48334",19107,784,11746,792,4379,589,189,152,2321,450,13,20,51,40,408,132,32,37,376,123
86000US48335,"48335",22998,724,11342,667,3888,547,3,6,6679,774,55,81,236,186,795,335,271,232,524,233
86000US48336,"48336",25913,1000,18543,910,5150,663,90,90,1391,323,0,19,106,83,633,215,69,79,564,203
86000US48340,"48340",25387,1185,13112,990,8669,1220,114,136,695,309,32,48,714,352,2051,699,84,77,1967,690
86000US48341,"48341",18020,969,5329,538,10850,928,168,105,244,153,0,16,259,150,1170,470,0,16,1170,470
86000US48342,"48342",16652,1117,4412,652,10866,971,31,25,155,134,0,16,411,245,777,287,61,78,716,295
86000US48346,"48346",23776,517,21079,645,1254,444,34,78,458,262,0,19,495,194,456,200,0,19,456,200
86000US48348,"48348",24605,692,23169,751,363,235,5,7,530,228,0,19,117,95,421,144,80,79,341,133
86000US48350,"48350",7242,487,6453,515,171,160,25,43,59,55,0,15,64,66,470,269,156,197,314,202
86000US48353,"48353",6753,387,6595,375,52,49,21,22,13,20,0,15,10,17,62,58,0,15,62,58
86000US48356,"48356",8743,309,8557,332,49,72,12,16,29,26,0,15,19,18,77,58,24,36,53,46
86000US48357,"48357",8347,382,8000,410,51,43,34,39,55,40,0,15,8,13,199,152,16,26,183,148
86000US48359,"48359",9800,488,8155,548,591,252,58,74,538,192,0,15,103,94,355,243,62,78,293,228
86000US48360,"48360",12768,524,11606,596,290,170,7,12,452,232,0,16,203,165,210,109,6,9,204,107
86000US48362,"48362",15833,472,14810,477,215,158,0,16,354,182,11,17,123,86,320,145,47,53,273,132
86000US48363,"48363",7049,388,6323,423,23,34,0,15,580,240,0,15,24,26,99,76,38,47,61,58
86000US48367,"48367",4697,226,4615,228,10,18,0,10,10,16,0,10,6,9,56,58,36,49,20,17
86000US48370,"48370",1901,225,1827,245,16,20,0,10,39,61,0,10,19,30,0,10,0,10,0,10
86000US48371,"48371",25463,459,24354,582,128,81,7,13,412,240,0,19,118,69,444,160,37,43,407,152
86000US48374,"48374",16589,521,11034,511,737,225,41,70,4323,460,0,16,87,98,367,161,70,88,297,149
86000US48375,"48375",22041,641,14012,714,1453,392,89,87,5439,635,21,38,289,207,738,347,45,70,693,346
86000US48377,"48377",16735,573,10500,605,1896,417,117,92,3682,430,0,16,170,186,370,182,34,35,336,174
86000US48380,"48380",7435,475,7193,483,62,70,22,36,57,40,0,15,5,10,96,71,0,15,96,71
86000US48381,"48381",13481,271,12788,313,106,87,66,88,174,122,0,16,72,70,275,153,36,40,239,139
86000US48382,"48382",23581,553,21504,606,494,237,58,42,758,238,0,19,70,46,697,238,82,99,615,219
86000US48383,"48383",13013,404,12661,414,143,101,12,14,103,75,0,16,14,17,80,80,0,16,80,80
86000US48386,"48386",18341,405,17520,484,152,131,66,53,231,146,0,16,110,103,262,136,35,40,227,125
86000US48390,"48390",23880,478,20814,609,969,372,57,51,1296,339,0,19,129,86,615,206,67,41,548,200
86000US48393,"48393",17054,320,12967,693,2476,621,62,50,1027,357,0,16,172,159,350,235,0,16,350,235
86000US48397,"48397",0,10,0,10,0,10,0,10,0,10,0,10,0,10,0,10,0,10,0,10
86000US48401,"48401",1453,227,1410,218,8,8,23,29,1,2,0,10,4,5,7,9,0,10,7,9
86000US48411,"48411",123,170,123,170,0,10,0,10,0,10,0,10,0,10,0,10,0,10,0,10
86000US48412,"48412",5000,400,4976,402,4,6,20,26,0,15,0,15,0,15,0,15,0,15,0,15
86000US48413,"48413",7231,245,6922,277,14,10,6,9,96,72,0,15,50,35,143,69,60,73,83,39
86000US48414,"48414",2610,261,2578,264,0,10,0,10,3,5,0,10,12,19,17,14,0,10,17,14
86000US48415,"48415",9107,444,8952,456,108,80,0,15,3,5,0,15,22,24,22,22,3,5,19,22
86000US48416,"48416",5179,281,5047,273,6,7,6,8,10,12,0,15,4,8,106,68,15,21,91,64
86000US48417,"48417",2691,375,2555,359,35,54,0,10,0,10,0,10,25,22,76,69,29,30,47,62
86000US48418,"48418",3926,391,3831,405,0,10,43,56,22,19,0,10,3,5,27,29,0,10,27,29
86000US48419,"48419",2282,215,2254,215,0,10,10,12,3,5,0,10,0,10,15,11,0,10,15,11
86000US48420,"48420",21380,418,20291,452,310,113,98,86,59,59,20,28,60,44,542,187,19,20,523,183
86000US48421,"48421",6259,477,6032,454,16,25,69,62,0,15,0,15,2,6,140,93,34,35,106,85
86000US48422,"48422",6571,394,6079,411,18,20,64,45,15,20,0,15,162,96,233,91,19,26,214,87
86000US48423,"48423",31859,264,29719,597,703,344,91,63,445,353,34,39,175,145,692,232,28,31,664,230
86000US48426,"48426",1007,124,998,123,0,10,0,10,0,10,0,10,0,10,9,6,2,4,7,6
86000US48427,"48427",2754,188,2677,191,6,8,15,13,4,4,0,10,45,26,7,6,0,10,7,6
86000US48428,"48428",5281,244,5142,255,0,15,7,13,55,87,0,15,31,27,46,38,7,10,39,36
86000US48429,"48429",8937,325,8498,346,0,15,58,44,47,50,0,15,50,56,284,154,18,27,266,153
86000US48430,"48430",35948,647,34432,712,382,261,64,49,118,70,0,22,60,42,892,234,57,68,835,217
86000US48432,"48432",600,87,588,87,0,10,0,10,1,2,0,10,1,4,10,11,10,11,0,10
86000US48433,"48433",25000,539,22772,592,1071,331,167,117,147,125,33,54,187,202,623,220,10,15,613,219
86000US48434,"48434",89,35,87,34,0,10,0,10,2,3,0,10,0,10,0,10,0,10,0,10
86000US48435,"48435",1940,331,1912,332,12,17,10,15,0,10,0,10,0,10,6,9,2,5,4,8
86000US48436,"48436",3795,327,3737,333,26,39,0,10,12,19,0,10,0,10,20,22,0,10,20,22
86000US48437,"48437",783,243,707,216,0,10,0,10,0,10,0,10,0,10,76,108,0,10,76,108
86000US48438,"48438",6805,422,6627,435,50,40,6,7,0,15,0,15,104,114,18,27,9,14,9,14
86000US48439,"48439",48754,859,41033,1041,4962,539,80,59,1573,353,19,32,76,51,1011,281,243,172,768,266
86000US48440,"48440",89,75,83,75,6,7,0,10,0,10,0,10,0,10,0,10,0,10,0,10
86000US48441,"48441",4041,183,3880,176,32,23,31,18,37,40,0,10,16,15,45,31,0,10,45,31
86000US48442,"48442",21228,449,19930,573,598,336,36,32,158,95,0,19,57,65,449,212,28,31,421,211
86000US48444,"48444",9730,341,9164,398,10,12,52,33,24,33,0,15,317,187,163,80,28,30,135,79
86000US48445,"48445",1245,134,1200,132,0,10,0,10,6,9,0,10,0,10,39,34,0,10,39,34
86000US48446,"48446",31014,378,29006,415,992,148,53,44,210,109,21,25,98,62,634,205,49,52,585,210
86000US48449,"48449",2855,230,2725,230,19,30,3,5,4,12,0,10,2,4,102,68,36,57,66,43
86000US48450,"48450",4511,323,4487,321,7,17,6,10,0,10,0,10,0,10,11,15,0,10,11,15
86000US48451,"48451",14988,539,14286,602,157,119,38,44,135,107,0,16,52,42,320,151,26,34,294,141
86000US48453,"48453",5153,299,4954,295,47,37,12,12,26,27,0,15,46,53,68,40,7,8,61,38
86000US48454,"48454",1187,136,1177,134,0,10,0,10,2,4,0,10,0,10,8,12,5,8,3,5
86000US48455,"48455",7924,515,7622,547,18,19,20,23,153,144,0,15,0,15,111,88,12,17,99,87
86000US48456,"48456",777,118,763,118,0,10,0,10,0,10,0,10,8,12,6,7,0,10,6,7
86000US48457,"48457",8118,355,7692,357,125,75,65,49,14,21,0,15,48,46,174,107,0,15,174,107
86000US48458,"48458",18410,647,13187,638,3981,509,119,70,80,54,0,16,146,105,897,345,51,59,846,334
86000US48460,"48460",2356,186,2258,179,52,74,3,7,3,4,0,10,4,5,36,20,0,10,36,20
86000US48461,"48461",8239,475,8104,468,35,76,11,19,0,15,0,15,0,15,89,61,0,15,89,61
86000US48462,"48462",13860,555,13296,569,96,97,4,6,75,75,0,16,59,44,330,177,32,44,298,167
86000US48463,"48463",4445,231,4229,241,41,58,0,10,95,125,0,10,19,18,61,39,0,10,61,39
86000US48464,"48464",2157,240,2014,221,4,6,35,28,4,6,3,6,0,10,97,79,6,10,91,78
86000US48465,"48465",702,109,649,96,0,10,0,10,0,10,0,10,0,10,53,43,2,3,51,43
86000US48466,"48466",1473,166,1388,155,35,29,0,10,1,3,0,10,3,5,46,35,0,10,46,35
86000US48467,"48467",2127,153,2104,153,0,10,2,4,0,10,0,10,2,3,19,14,0,10,19,14
86000US48468,"48468",1088,84,1052,85,0,10,11,9,1,2,0,10,0,10,24,13,0,10,24,13
86000US48469,"48469",1213,138,1176,134,0,10,0,10,3,5,0,10,17,16,17,16,0,10,17,16
86000US48470,"48470",743,111,731,108,8,10,0,10,2,6,0,10,0,10,2,3,0,10,2,3
86000US48471,"48471",5341,219,5110,219,62,49,5,7,40,32,2,3,27,24,95,46,0,15,95,46
86000US48472,"48472",1731,148,1707,144,10,13,0,10,6,7,0,10,3,4,5,6,2,3,3,5
86000US48473,"48473",22022,708,20283,720,1026,536,0,19,199,152,7,10,46,46,461,314,13,15,448,312
86000US48475,"48475",2519,168,2509,166,7,15,0,10,0,10,0,10,0,10,3,4,0,10,3,4
86000US48476,"48476",471,156,471,156,0,10,0,10,0,10,0,10,0,10,0,10,0,10,0,10
86000US48502,"48502",1152,218,617,159,508,135,0,10,11,16,0,10,0,10,16,22,16,22,0,10
86000US48503,"48503",26466,1410,11892,795,12963,1197,28,28,281,157,0,19,152,143,1150,358,33,35,1117,358
86000US48504,"48504",26804,1313,7513,669,17951,1173,41,58,136,103,0,19,119,76,1044,365,71,87,973,360
86000US48505,"48505",20327,1059,2537,428,16265,970,48,40,25,40,5,7,84,67,1363,475,83,69,1280,464
86000US48506,"48506",28915,907,22838,775,3600,525,280,205,52,44,9,14,613,326,1523,427,70,57,1453,420
86000US48507,"48507",30760,1426,21299,1134,8111,878,73,70,164,114,0,22,67,107,1046,380,125,150,921,360
86000US48509,"48509",9351,573,8464,611,400,226,4,6,201,171,0,15,70,51,212,141,0,15,212,141
86000US48519,"48519",6984,648,6164,651,473,194,0,15,70,104,0,15,22,30,255,163,4,9,251,165
86000US48529,"48529",9424,649,7995,693,1126,465,30,30,9,17,0,15,0,15,264,185,9,15,255,183
86000US48532,"48532",20270,824,11192,691,6797,593,198,214,358,190,0,19,101,98,1624,471,1,2,1623,471
86000US48551,"48551",0,10,0,10,0,10,0,10,0,10,0,10,0,10,0,10,0,10,0,10
86000US48553,"48553",0,10,0,10,0,10,0,10,0,10,0,10,0,10,0,10,0,10,0,10
86000US48554,"48554",0,10,0,10,0,10,0,10,0,10,0,10,0,10,0,10,0,10,0,10
86000US48601,"48601",34793,805,10650,655,21741,879,96,71,40,46,0,22,857,282,1409,371,186,84,1223,368
86000US48602,"48602",30199,835,20307,919,6463,694,159,128,140,100,3,6,919,292,2208,511,412,261,1796,500
86000US48603,"48603",26623,604,21339,692,2588,426,109,68,1245,312,0,19,487,313,855,297,10,17,845,296
86000US48604,"48604",12307,382,10326,547,1435,505,43,32,201,100,0,16,108,67,194,110,0,16,194,110
86000US48607,"48607",1556,408,550,308,841,246,13,22,11,14,0,10,16,28,125,93,7,11,118,94
86000US48609,"48609",12422,327,12099,373,60,54,24,22,83,72,0,16,7,7,149,115,0,16,149,115
86000US48610,"48610",2760,234,2659,226,11,14,48,45,23,24,0,10,0,10,19,16,7,10,12,13
86000US48611,"48611",6611,559,6544,556,0,15,7,13,16,17,0,15,3,5,41,44,0,15,41,44
86000US48612,"48612",8772,320,8564,334,2,7,64,38,1,3,0,15,2,4,139,56,48,40,91,44
86000US48613,"48613",983,131,933,131,0,10,0,10,5,7,0,10,10,11,35,23,0,10,35,23
86000US48614,"48614",1425,164,1375,152,0,10,4,6,0,10,0,10,2,4,44,61,0,10,44,61
86000US48615,"48615",2729,214,2646,210,0,10,7,11,5,7,14,23,6,9,51,29,10,11,41,25
86000US48616,"48616",7321,258,7014,275,35,28,1,4,22,30,0,15,147,111,102,46,23,21,79,40
86000US48617,"48617",9242,358,9053,380,23,26,47,38,7,12,0,15,13,13,99,55,30,40,69,45
86000US48618,"48618",5049,316,4884,319,2,3,24,20,16,25,0,15,24,22,99,61,12,13,87,62
86000US48619,"48619",549,95,534,94,0,10,0,10,0,10,0,10,7,12,8,7,0,10,8,7
86000US48621,"48621",1149,159,1121,160,6,9,2,3,0,10,4,7,0,10,16,13,0,10,16,13
86000US48622,"48622",5838,392,5665,395,70,41,37,29,12,17,0,15,13,15,41,36,7,9,34,34
86000US48623,"48623",13662,379,12516,437,554,104,87,60,179,118,0,16,0,16,326,116,98,50,228,115
86000US48624,"48624",15837,357,15325,358,81,30,46,23,130,11,0,16,39,25,216,65,0,16,216,65
86000US48625,"48625",13104,361,12552,366,97,35,95,47,24,25,0,16,66,42,270,96,7,10,263,95
86000US48626,"48626",5847,233,5752,217,40,52,0,15,12,19,0,15,0,15,43,49,0,15,43,49
86000US48627,"48627",131,78,99,66,16,23,0,10,0,10,0,10,0,10,16,22,0,10,16,22
86000US48628,"48628",2281,285,2194,281,0,10,8,9,22,21,0,10,7,11,50,39,18,29,32,27
86000US48629,"48629",7551,267,7419,274,0,15,33,32,10,15,0,15,2,6,87,56,0,15,87,56
86000US48630,"48630",42,63,42,63,0,10,0,10,0,10,0,10,0,10,0,10,0,10,0,10
86000US48631,"48631",4188,358,4164,359,0,10,0,10,0,10,0,10,0,10,24,29,0,10,24,29
86000US48632,"48632",5311,433,4909,357,0,15,78,57,2,4,0,15,8,11,314,148,21,26,293,144
86000US48633,"48633",107,49,107,49,0,10,0,10,0,10,0,10,0,10,0,10,0,10,0,10
86000US48634,"48634",4298,357,4259,356,0,10,18,18,0,10,0,10,0,10,21,15,0,10,21,15
86000US48635,"48635",1510,184,1484,180,0,10,10,10,12,20,0,10,0,10,4,7,0,10,4,7
86000US48636,"48636",782,160,766,159,0,10,0,10,0,10,0,10,0,10,16,15,0,10,16,15
86000US48637,"48637",3163,223,3054,213,4,6,20,24,0,10,0,10,48,44,37,30,0,10,37,30
86000US48638,"48638",11692,561,9441,500,1391,292,34,62,331,162,14,21,108,98,373,201,46,75,327,180
86000US48640,"48640",32202,648,30091,682,618,260,72,52,622,223,18,21,210,115,571,157,52,55,519,153
86000US48642,"48642",33259,803,30124,804,485,183,205,128,1296,251,41,31,307,175,801,225,203,172,598,165
86000US48647,"48647",4384,253,4216,248,32,22,49,23,12,13,0,10,2,4,73,36,0,10,73,36
86000US48649,"48649",1253,143,1242,143,2,5,5,9,2,3,0,10,2,3,0,10,0,10,0,10
86000US48650,"48650",6995,335,6822,330,44,35,22,15,0,15,0,15,32,37,75,47,4,7,71,47
86000US48651,"48651",4740,165,4557,196,0,10,31,39,46,66,0,10,12,20,94,70,4,6,90,69
86000US48652,"48652",1647,185,1589,175,0,10,12,16,0,10,0,10,7,12,39,46,0,10,39,46
86000US48653,"48653",10084,335,9583,328,23,23,128,104,0,16,0,16,61,50,289,84,9,16,280,83
86000US48654,"48654",2215,192,2158,182,9,20,23,24,0,10,0,10,0,10,25,16,0,10,25,16
86000US48655,"48655",5688,231,5497,238,30,23,4,7,16,23,0,15,16,14,125,61,18,28,107,55
86000US48656,"48656",3875,57,3753,98,0,10,0,10,13,15,0,10,0,10,109,84,0,10,109,84
86000US48657,"48657",7871,191,7650,231,52,50,16,18,0,15,0,15,5,7,148,99,0,15,148,99
86000US48658,"48658",4915,231,4711,220,27,21,91,40,20,15,0,10,0,10,66,32,6,8,60,30
86000US48659,"48659",2758,196,2696,192,0,10,21,19,0,10,0,10,8,7,33,21,0,10,33,21
86000US48661,"48661",10469,282,10064,269,56,24,69,45,124,32,0,16,34,29,122,43,6,10,116,43
86000US48662,"48662",1659,188,1626,188,0,10,2,3,0,10,0,10,16,23,15,17,10,16,5,7
86000US48667,"48667",0,10,0,10,0,10,0,10,0,10,0,10,0,10,0,10,0,10,0,10
86000US48701,"48701",1420,186,1264,152,14,15,4,5,7,7,0,10,5,8,126,106,11,10,115,106
86000US48703,"48703",2939,171,2839,168,10,10,6,9,5,6,0,10,0,10,79,31,3,4,76,31
86000US48705,"48705",511,85,481,79,0,10,5,5,0,10,0,10,18,17,7,6,0,10,7,6
86000US48706,"48706",39499,648,37408,726,613,207,76,78,320,153,0,22,80,57,1002,235,51,62,951,229
86000US48708,"48708",25827,701,23646,717,839,201,205,165,154,92,0,19,184,92,799,237,55,43,744,235
86000US48710,"48710",0,10,0,10,0,10,0,10,0,10,0,10,0,10,0,10,0,10,0,10
86000US48720,"48720",1036,119,1012,117,0,10,5,5,11,17,0,10,8,11,0,10,0,10,0,10
86000US48721,"48721",472,115,466,115,0,10,0,10,0,10,0,10,0,10,6,7,0,10,6,7
86000US48722,"48722",3068,391,2773,394,217,105,11,16,0,10,0,10,0,10,67,46,27,25,40,39
86000US48723,"48723",12050,353,11579,338,155,124,59,41,51,58,0,16,13,15,193,100,21,20,172,98
86000US48724,"48724",544,289,470,317,74,100,0,10,0,10,0,10,0,10,0,10,0,10,0,10
86000US48725,"48725",2072,219,2005,218,10,13,3,5,27,20,0,10,10,14,17,20,0,10,17,20
86000US48726,"48726",5831,235,5722,241,37,42,12,13,20,15,0,15,1,4,39,33,0,15,39,33
86000US48727,"48727",1128,160,1099,158,0,10,0,10,0,10,2,4,2,3,25,25,0,10,25,25
86000US48728,"48728",252,47,252,47,0,10,0,10,0,10,0,10,0,10,0,10,0,10,0,10
86000US48729,"48729",1479,159,1460,164,0,10,0,10,0,10,0,10,19,29,0,10,0,10,0,10
86000US48730,"48730",4558,175,4365,191,27,21,63,63,49,39,0,10,11,16,43,32,14,17,29,21
86000US48731,"48731",1534,117,1520,119,12,11,2,3,0,10,0,10,0,10,0,10,0,10,0,10
86000US48732,"48732",11173,371,10505,408,282,201,18,23,35,42,0,16,35,31,298,138,12,19,286,141
86000US48733,"48733",1587,148,1521,146,25,29,9,8,0,10,0,10,21,14,11,13,9,13,2,3
86000US48734,"48734",7601,259,7502,267,18,25,26,24,16,22,0,15,2,3,37,35,4,6,33,34
86000US48735,"48735",1049,156,1035,156,3,4,0,10,0,10,0,10,3,4,8,9,0,10,8,9
86000US48737,"48737",1226,106,1203,106,0,10,9,8,6,7,0,10,0,10,8,6,0,10,8,6
86000US48738,"48738",1085,118,1069,117,6,10,0,10,0,10,0,10,0,10,10,11,0,10,10,11
86000US48739,"48739",4007,204,3872,207,0,10,76,72,0,10,2,4,0,10,57,47,0,10,57,47
86000US48740,"48740",2425,172,2331,173,20,23,16,14,12,11,0,10,7,10,39,19,10,9,29,18
86000US48741,"48741",1924,213,1849,201,16,25,11,16,0,10,3,4,6,6,39,35,6,5,33,35
86000US48742,"48742",1618,156,1590,156,3,4,3,4,0,10,0,10,0,10,22,19,3,5,19,18
86000US48743,"48743",90,70,90,70,0,10,0,10,0,10,0,10,0,10,0,10,0,10,0,10
86000US48744,"48744",4128,332,4017,328,31,38,3,5,7,9,0,10,17,27,53,57,44,55,9,13
86000US48745,"48745",1264,130,1173,117,9,10,30,28,25,36,4,5,0,10,23,18,0,10,23,18
86000US48746,"48746",7904,397,7645,386,17,18,28,21,64,63,0,15,28,34,122,85,0,15,122,85
86000US48747,"48747",1288,138,1257,133,3,6,16,16,10,11,0,10,0,10,2,5,0,10,2,5
86000US48748,"48748",1662,176,1631,173,9,11,1,3,1,2,0,10,4,6,16,17,0,10,16,17
86000US48749,"48749",1105,147,1058,145,14,12,10,10,5,6,0,10,9,9,9,8,0,10,9,8
86000US48750,"48750",8629,207,8133,216,92,58,90,68,94,43,0,15,37,34,183,83,0,15,183,83
86000US48754,"48754",965,135,921,124,1,5,3,4,0,10,0,10,3,4,37,34,4,6,33,33
86000US48755,"48755",2993,173,2874,173,32,27,9,8,13,16,0,10,3,4,62,31,0,10,62,31
86000US48756,"48756",4630,264,4457,247,3,8,74,52,0,10,0,10,0,10,96,58,25,37,71,46
86000US48757,"48757",3742,176,3632,174,22,23,19,22,10,12,0,10,4,5,55,35,0,10,55,35
86000US48759,"48759",3211,150,3148,150,34,42,0,10,5,6,0,10,6,8,18,21,6,9,12,13
86000US48760,"48760",1419,208,1312,204,82,49,0,10,4,6,0,10,13,16,8,12,0,10,8,12
86000US48761,"48761",841,174,810,172,0,10,13,13,0,10,0,10,0,10,18,15,0,10,18,15
86000US48762,"48762",1097,126,1046,115,3,5,0,10,0,10,32,47,0,10,16,15,0,10,16,15
86000US48763,"48763",4951,226,4726,225,55,25,22,22,21,23,0,10,16,26,111,57,14,15,97,53
86000US48765,"48765",711,90,673,89,1,2,13,18,2,3,0,10,4,5,18,12,5,7,13,10
86000US48766,"48766",1251,135,1193,131,0,10,58,38,0,10,0,10,0,10,0,10,0,10,0,10
86000US48767,"48767",2060,138,1993,133,0,10,0,10,5,6,0,10,3,6,59,40,26,24,33,30
86000US48768,"48768",9697,459,9131,470,138,92,7,7,13,21,0,15,36,31,372,140,66,68,306,125
86000US48770,"48770",1774,146,1757,143,0,10,2,3,0,10,0,10,3,4,12,8,0,10,12,8
86000US48801,"48801",12691,256,12143,319,281,183,72,63,66,32,0,16,30,22,99,44,22,21,77,42
86000US48806,"48806",1523,131,1417,128,16,14,4,5,43,28,0,10,0,10,43,48,0,10,43,48
86000US48807,"48807",853,119,848,120,2,3,0,10,0,10,0,10,0,10,3,4,0,10,3,4
86000US48808,"48808",5943,515,5540,500,37,33,7,11,62,53,0,15,20,30,277,142,0,15,277,142
86000US48809,"48809",10728,402,10286,473,4,9,5,7,10,11,0,16,121,137,302,143,32,37,270,139
86000US48811,"48811",5390,284,4085,280,1070,162,14,17,13,13,5,11,35,28,168,56,110,45,58,37
86000US48813,"48813",20967,296,20132,337,163,77,152,121,85,69,0,19,154,146,281,118,21,34,260,113
86000US48815,"48815",2424,358,2330,347,0,10,0,10,21,26,0,10,7,10,66,72,0,10,66,72
86000US48816,"48816",36,38,36,38,0,10,0,10,0,10,0,10,0,10,0,10,0,10,0,10
86000US48817,"48817",6075,268,5811,284,108,87,0,15,0,15,0,15,7,13,149,69,0,15,149,69
86000US48818,"48818",2392,211,2355,211,0,10,9,13,14,19,0,10,0,10,14,16,4,7,10,14
86000US48819,"48819",2738,161,2616,168,0,10,20,15,14,13,7,15,17,23,64,27,6,9,58,26
86000US48820,"48820",18187,517,17077,578,440,226,80,74,237,203,0,16,94,68,259,114,34,33,225,107
86000US48821,"48821",5862,309,5206,356,160,107,21,27,205,164,0,15,18,21,252,196,0,15,252,196
86000US48822,"48822",2888,230,2701,263,99,124,6,8,0,10,0,10,0,10,82,75,0,10,82,75
86000US48823,"48823",51469,833,39516,1030,3139,536,119,60,6350,690,9,22,523,201,1813,348,181,115,1632,321
86000US48825,"48825",12829,435,9520,396,877,157,32,26,1572,238,6,13,93,46,729,141,205,76,524,125
86000US48827,"48827",16116,334,15548,376,201,99,29,34,75,89,0,16,85,70,178,81,29,25,149,74
86000US48829,"48829",3360,234,3277,220,1,2,62,77,1,2,0,10,5,7,14,15,0,10,14,15
86000US48831,"48831",3473,242,3164,240,36,56,0,10,7,10,0,10,15,14,251,118,14,16,237,117
86000US48832,"48832",1465,205,1394,193,0,10,0,10,0,10,0,10,5,7,66,67,0,10,66,67
86000US48834,"48834",2275,274,2182,270,52,65,0,10,12,18,0,10,17,16,12,13,4,6,8,12
86000US48835,"48835",3109,285,2970,272,10,15,0,10,3,4,0,10,77,84,49,45,0,10,49,45
86000US48836,"48836",13967,383,13387,409,16,17,158,95,92,76,0,16,53,47,261,92,5,8,256,92
86000US48837,"48837",19603,512,18530,548,143,70,11,17,143,75,28,43,135,108,613,224,131,127,482,257
86000US48838,"48838",18376,565,17647,594,87,87,13,20,77,67,29,44,17,25,506,171,47,62,459,153
86000US48840,"48840",12685,516,11192,547,482,239,21,18,405,208,0,16,211,246,374,177,25,41,349,170
86000US48841,"48841",723,94,701,91,0,10,9,11,0,10,0,10,7,10,6,8,0,10,6,8
86000US48842,"48842",21974,630,18194,845,1634,522,45,47,925,466,6,13,272,169,898,321,0,19,898,321
86000US48843,"48843",45544,651,43658,677,238,85,85,58,460,165,112,38,121,67,870,190,143,107,727,157
86000US48845,"48845",900,139,863,137,6,14,5,5,4,5,0,10,3,5,19,15,2,5,17,14
86000US48846,"48846",20472,344,17119,561,2579,430,59,35,60,43,0,19,50,31,605,175,163,110,442,140
86000US48847,"48847",5811,244,5528,279,54,43,104,106,7,6,0,15,27,39,91,39,16,23,75,35
86000US48848,"48848",7444,433,7258,426,88,82,4,7,20,19,0,15,6,6,68,41,14,18,54,37
86000US48849,"48849",6000,294,5597,364,154,173,30,36,44,49,0,15,91,78,84,58,0,15,84,58
86000US48850,"48850",4647,365,4501,361,14,22,7,13,10,17,0,10,28,22,87,68,51,58,36,31
86000US48851,"48851",2161,320,2077,310,8,14,3,7,10,14,0,10,0,10,63,76,0,10,63,76
86000US48852,"48852",189,71,181,69,0,10,0,10,0,10,0,10,0,10,8,13,0,10,8,13
86000US48853,"48853",542,85,542,85,0,10,0,10,0,10,0,10,0,10,0,10,0,10,0,10
86000US48854,"48854",19737,484,18362,599,484,155,41,43,365,242,0,16,129,84,356,133,20,26,336,133
86000US48855,"48855",15704,546,14954,544,74,42,18,18,245,152,0,16,40,36,373,144,5,7,368,140
86000US48856,"48856",817,148,788,135,0,10,0,10,0,10,0,10,0,10,29,37,0,10,29,37
86000US48857,"48857",3202,440,3111,429,0,10,11,16,6,14,0,10,0,10,74,41,13,14,61,40
86000US48858,"48858",50521,381,42992,449,1794,172,2018,318,1244,120,10,15,458,173,2005,299,63,36,1942,301
86000US48860,"48860",1771,238,1681,215,6,10,0,10,6,10,0,10,0,10,78,61,0,10,78,61
86000US48861,"48861",1379,144,1321,144,1,2,0,10,3,5,0,10,7,11,47,32,0,10,47,32
86000US48864,"48864",23451,591,16253,703,1037,283,130,47,4919,555,0,19,42,32,1070,315,56,63,1014,297
86000US48865,"48865",2158,242,1985,266,14,23,10,17,4,7,0,10,127,140,18,26,18,26,0,10
86000US48866,"48866",4942,247,4807,244,35,26,16,14,42,62,0,10,8,9,34,26,3,4,31,27
86000US48867,"48867",27186,323,26255,373,216,90,32,32,60,42,19,22,75,69,529,143,38,27,491,143
86000US48870,"48870",191,80,188,79,0,10,0,10,0,10,0,10,0,10,3,4,0,10,3,4
86000US48871,"48871",2093,224,2025,217,9,13,0,10,0,10,0,10,0,10,59,48,0,10,59,48
86000US48872,"48872",6767,566,6636,542,33,25,25,31,0,15,0,15,0,15,73,71,10,17,63,56
86000US48873,"48873",1483,328,1482,328,0,10,0,10,0,10,0,10,0,10,1,3,0,10,1,3
86000US48874,"48874",188,156,66,33,122,153,0,10,0,10,0,10,0,10,0,10,0,10,0,10
86000US48875,"48875",10432,369,9909,406,178,187,0,16,101,99,9,13,75,72,160,114,36,53,124,82
86000US48876,"48876",4172,274,3874,275,114,94,51,47,0,10,0,10,0,10,133,71,0,10,133,71
86000US48877,"48877",2459,252,2383,257,3,6,10,11,13,14,0,10,0,10,50,36,0,10,50,36
86000US48878,"48878",1386,168,1292,167,12,12,43,30,8,9,0,10,3,5,28,21,15,20,13,11
86000US48879,"48879",17980,431,17515,439,134,74,25,26,50,40,0,16,25,19,231,83,21,22,210,81
86000US48880,"48880",10034,222,7651,290,1888,210,59,39,64,31,16,27,38,28,318,81,81,41,237,72
86000US48881,"48881",5560,474,5389,469,12,20,7,10,13,18,0,15,46,45,93,62,44,59,49,32
86000US48883,"48883",6822,288,6530,321,38,27,45,27,6,6,0,15,68,101,135,51,11,16,124,50
86000US48884,"48884",4440,292,4329,285,11,18,2,4,15,16,5,8,22,23,56,40,6,9,50,42
86000US48885,"48885",972,147,923,146,0,10,0,10,28,23,0,10,0,10,21,22,0,10,21,22
86000US48886,"48886",1956,260,1792,268,43,48,82,61,0,10,0,10,14,20,25,27,0,10,25,27
86000US48888,"48888",6079,359,5933,350,45,25,9,14,5,11,0,15,53,68,34,29,0,15,34,29
86000US48889,"48889",1300,147,1253,133,5,9,0,10,0,10,0,10,0,10,42,46,5,8,37,44
86000US48890,"48890",2059,197,1975,188,1,3,0,10,0,10,0,10,38,47,45,34,0,10,45,34
86000US48891,"48891",2807,247,2754,253,13,22,5,9,3,5,3,5,0,10,29,27,0,10,29,27
86000US48892,"48892",4753,286,4614,297,0,10,2,4,0,10,0,10,3,5,134,78,11,17,123,76
86000US48893,"48893",5244,311,5053,293,2,3,70,52,0,15,0,15,3,4,116,77,0,15,116,77
86000US48894,"48894",1938,216,1918,216,0,10,0,10,0,10,0,10,0,10,20,27,0,10,20,27
86000US48895,"48895",11437,310,10959,339,92,59,8,13,103,64,0,16,54,50,221,125,62,87,159,88
86000US48896,"48896",306,180,296,180,0,10,6,9,0,10,0,10,0,10,4,6,0,10,4,6
86000US48897,"48897",1846,295,1796,295,0,10,4,6,1,3,0,10,44,53,1,2,0,10,1,2
86000US48906,"48906",26391,1062,19044,804,3809,777,166,88,513,213,0,19,735,251,2124,503,443,270,1681,458
86000US48910,"48910",35183,1144,24134,873,5990,904,246,140,1353,331,0,22,626,327,2834,522,221,101,2613,515
86000US48911,"48911",40852,1231,22881,1232,11463,909,146,76,2895,743,23,20,950,334,2494,497,195,127,2299,479
86000US48912,"48912",17452,844,12052,798,3098,571,131,101,574,202,27,44,258,147,1312,296,133,82,1179,268
86000US48915,"48915",10740,912,5225,627,3332,736,48,56,460,241,0,16,352,221,1323,759,39,37,1284,763
86000US48917,"48917",32044,645,23626,723,4443,426,237,135,1885,290,12,18,804,260,1037,274,62,53,975,271
86000US48921,"48921",0,10,0,10,0,10,0,10,0,10,0,10,0,10,0,10,0,10,0,10
86000US48933,"48933",2637,754,1269,254,902,696,31,44,88,54,13,29,167,144,167,98,0,10,167,98
86000US49001,"49001",21643,921,15040,855,5176,687,3,5,132,78,0,19,241,150,1051,344,119,87,932,311
86000US49002,"49002",20739,762,18197,856,1023,354,107,116,355,157,0,19,62,55,995,330,36,45,959,327
86000US49004,"49004",16434,767,13842,666,1712,423,29,30,143,82,0,16,91,56,617,211,15,18,602,208
86000US49006,"49006",28711,1294,21239,1188,4135,587,50,40,1140,355,0,19,173,136,1974,481,287,205,1687,424
86000US49007,"49007",10097,939,4306,640,4686,485,16,19,135,85,0,16,94,87,860,287,68,71,792,269
86000US49008,"49008",17012,901,13689,771,1642,354,35,30,552,185,0,16,135,77,959,332,20,17,939,329
86000US49009,"49009",45267,868,37969,1072,3260,582,110,82,1623,405,24,38,297,167,1984,549,125,119,1859,525
86000US49010,"49010",18001,486,16469,583,653,276,67,44,218,151,0,16,100,74,494,191,40,62,454,180
86000US49011,"49011",2272,109,2152,105,51,61,14,16,0,10,0,10,0,10,55,36,0,10,55,36
86000US49012,"49012",3356,303,3210,306,35,39,7,10,15,22,0,10,0,10,89,64,4,6,85,63
86000US49013,"49013",5301,408,4114,372,290,155,17,18,45,39,0,15,408,194,427,162,48,40,379,161
86000US49014,"49014",21481,677,17667,628,2208,443,222,144,438,215,0,19,33,33,913,314,23,47,890,304
86000US49015,"49015",27465,720,21775,797,1999,445,224,135,1531,361,16,30,471,332,1449,339,142,126,1307,308
86000US49017,"49017",21238,872,17419,825,2090,386,144,125,47,43,0,19,107,74,1431,385,217,197,1214,373
86000US49021,"49021",6382,250,5960,333,194,217,19,21,8,14,0,15,40,42,161,101,0,15,161,101
86000US49022,"49022",31185,459,13189,728,16368,590,32,36,68,58,22,37,550,252,956,266,62,57,894,261
86000US49024,"49024",29299,650,25221,676,1548,411,111,65,1095,254,0,19,214,152,1110,290,70,67,1040,274
86000US49026,"49026",2364,582,2040,322,209,343,7,11,0,10,0,10,25,30,83,67,9,14,74,65
86000US49027,"49027",215,94,155,73,0,10,29,40,0,10,0,10,8,13,23,18,0,10,23,18
86000US49028,"49028",6174,357,5876,335,11,14,12,13,15,16,15,23,82,56,163,115,65,108,98,80
86000US49029,"49029",1595,259,1566,262,6,7,4,5,0,10,0,10,0,10,19,14,0,10,19,14
86000US49030,"49030",2420,218,2303,223,18,21,0,10,16,23,0,10,32,43,51,34,0,10,51,34
86000US49031,"49031",7646,450,6175,446,1035,166,67,42,63,36,0,15,35,36,271,112,0,15,271,112
86000US49032,"49032",3284,290,3127,282,86,50,2,3,0,10,0,10,5,9,64,35,0,10,64,35
86000US49033,"49033",1698,245,1540,224,92,133,10,12,37,50,0,10,0,10,19,23,6,12,13,21
86000US49034,"49034",2564,168,2468,169,8,11,0,10,30,40,0,10,12,15,46,26,0,10,46,26
86000US49036,"49036",23685,520,21557,557,1008,141,151,88,282,96,0,19,279,180,408,139,64,70,344,130
86000US49037,"49037",20647,806,13320,784,4932,478,32,27,991,250,0,19,184,128,1188,318,107,108,1081,306
86000US49038,"49038",9267,512,8664,515,192,127,4,7,21,28,0,15,35,37,351,163,71,84,280,143
86000US49040,"49040",3252,213,3216,206,0,10,0,10,3,5,0,10,0,10,33,31,0,10,33,31
86000US49042,"49042",4723,182,4493,184,7,8,1,2,29,33,0,10,17,27,176,79,4,6,172,78
86000US49043,"49043",2106,270,1117,262,501,165,5,6,6,14,0,10,322,160,155,106,0,10,155,106
86000US49045,"49045",5322,362,4385,431,126,51,347,301,36,40,0,15,152,111,276,125,59,93,217,94
86000US49046,"49046",7883,583,7452,578,111,112,44,38,0,15,0,15,33,53,243,138,0,15,243,138
86000US49047,"49047",14810,522,12226,615,1059,242,373,109,68,40,0,16,475,285,609,207,0,16,609,207
86000US49048,"49048",25416,819,17250,784,5522,880,75,51,580,313,67,102,312,280,1610,430,51,39,1559,429
86000US49050,"49050",1567,261,1450,251,28,24,0,10,0,10,0,10,61,66,28,27,8,13,20,25
86000US49051,"49051",2796,272,2573,269,34,51,0,10,27,44,0,10,0,10,162,149,0,10,162,149
86000US49052,"49052",864,109,798,107,8,6,23,12,2,4,0,10,16,19,17,16,1,3,16,17
86000US49053,"49053",7640,468,7015,483,207,111,14,17,88,88,0,15,19,28,297,115,68,54,229,108
86000US49055,"49055",6342,461,5997,419,33,34,31,28,13,15,12,20,8,14,248,139,22,36,226,134
86000US49056,"49056",3391,620,2985,624,73,71,118,131,7,15,0,10,102,67,106,60,22,38,84,42
86000US49057,"49057",6459,335,5000,410,56,52,110,130,16,18,5,8,996,238,276,116,147,98,129,70
86000US49058,"49058",19122,399,18437,443,8,10,131,99,251,122,0,16,95,90,200,107,0,16,200,107
86000US49060,"49060",1902,385,1868,387,16,18,0,10,6,11,0,10,0,10,12,13,7,10,5,8
86000US49061,"49061",1605,279,1578,282,16,14,7,9,0,10,0,10,0,10,4,6,0,10,4,6
86000US49064,"49064",3818,190,3312,316,30,22,2,3,2,4,0,10,383,270,89,42,4,8,85,43
86000US49065,"49065",6290,398,5779,351,75,53,10,10,12,17,0,15,120,95,294,126,42,48,252,109
86000US49066,"49066",546,106,536,107,2,4,4,6,0,10,0,10,0,10,4,6,0,10,4,6
86000US49067,"49067",4434,290,4262,284,36,27,47,44,30,21,0,10,3,6,56,29,0,10,56,29
86000US49068,"49068",14862,416,14566,446,50,38,6,6,115,89,0,16,16,17,109,48,3,6,106,48
86000US49070,"49070",2458,211,2441,215,0,10,0,10,0,10,0,10,8,11,9,12,0,10,9,12
86000US49071,"49071",10286,697,9429,660,117,145,4,6,154,109,0,16,55,58,527,284,144,151,383,238
86000US49072,"49072",2945,241,2881,237,19,18,4,7,8,8,0,10,1,2,32,19,0,10,32,19
86000US49073,"49073",4777,294,4649,289,0,10,16,18,11,12,0,10,11,18,90,49,12,19,78,51
86000US49074,"49074",160,146,138,147,8,12,0,10,0,10,0,10,0,10,14,18,0,10,14,18
86000US49075,"49075",136,122,136,122,0,10,0,10,0,10,0,10,0,10,0,10,0,10,0,10
86000US49076,"49076",4694,335,4370,331,160,70,35,46,4,8,0,10,53,31,72,39,0,10,72,39
86000US49078,"49078",9452,437,8930,433,62,69,13,20,53,79,0,15,3,5,391,257,0,15,391,257
86000US49079,"49079",13185,486,12296,520,115,60,50,35,56,52,6,10,260,173,402,171,29,20,373,169
86000US49080,"49080",16160,634,15267,483,140,76,47,55,0,16,0,16,62,57,644,380,6,13,638,379
86000US49082,"49082",5965,326,5891,328,10,16,8,8,5,8,0,15,4,6,47,34,2,4,45,34
86000US49083,"49083",7896,513,7545,531,33,36,0,15,149,119,17,27,31,45,121,89,20,32,101,81
86000US49084,"49084",39,64,23,39,0,10,0,10,0,10,0,10,0,10,16,25,0,10,16,25
86000US49085,"49085",23959,554,21102,625,575,156,131,112,1402,232,2,3,192,132,555,165,118,80,437,151
86000US49087,"49087",6397,497,6096,446,37,42,9,10,27,22,0,15,24,27,204,148,0,15,204,148
86000US49088,"49088",3802,515,3571,497,31,40,0,10,109,187,0,10,33,53,58,64,0,10,58,64
86000US49089,"49089",1851,325,1790,328,0,10,10,12,0,10,0,10,22,27,29,27,2,3,27,27
86000US49090,"49090",14439,319,12065,614,1002,239,31,40,262,182,0,16,614,466,465,222,189,216,276,121
86000US49091,"49091",19644,375,17986,562,121,70,142,188,9,12,30,40,855,411,501,162,8,12,493,163
86000US49092,"49092",1920,183,1861,177,5,6,6,8,0,10,0,10,3,5,45,45,2,3,43,46
86000US49093,"49093",18346,311,15931,333,1094,210,23,18,219,98,6,10,109,116,964,204,62,59,902,205
86000US49094,"49094",4028,209,3925,209,5,7,10,9,24,25,0,10,13,22,51,38,0,10,51,38
86000US49095,"49095",2223,307,1893,285,122,43,1,3,47,49,0,10,14,23,146,113,6,10,140,112
86000US49096,"49096",3441,263,3294,264,0,10,23,22,5,7,4,6,7,10,108,58,30,27,78,46
86000US49097,"49097",11106,347,10857,339,22,26,25,25,28,25,0,16,0,16,174,102,2,4,172,102
86000US49098,"49098",5776,437,5075,499,290,255,34,32,27,27,0,15,135,138,215,105,5,10,210,104
86000US49099,"49099",5787,323,5581,322,6,9,32,38,21,30,0,15,28,41,119,92,4,6,115,92
86000US49101,"49101",2861,200,2728,173,25,21,0,10,5,7,0,10,32,32,71,67,0,10,71,67
86000US49102,"49102",1627,289,1405,281,81,71,0,10,7,12,0,10,39,53,95,89,11,20,84,85
86000US49103,"49103",10437,344,7311,540,1537,312,92,68,702,146,3,7,245,111,547,170,131,99,416,138
86000US49104,"49104",668,122,321,109,195,100,0,10,80,59,0,10,11,15,61,29,27,18,34,29
86000US49106,"49106",4973,434,4798,436,53,31,0,10,35,48,0,10,0,10,87,66,0,10,87,66
86000US49107,"49107",10431,352,9188,480,633,411,73,55,26,33,0,16,16,19,495,269,0,16,495,269
86000US49111,"49111",3620,282,3212,288,132,81,20,21,16,19,0,10,123,115,117,82,13,20,104,80
86000US49112,"49112",9941,296,9379,338,58,42,41,35,125,74,0,15,22,21,316,135,59,65,257,101
86000US49113,"49113",1773,127,1724,125,10,9,4,4,7,10,0,10,0,10,28,26,0,10,28,26
86000US49115,"49115",458,195,439,194,19,28,0,10,0,10,0,10,0,10,0,10,0,10,0,10
86000US49116,"49116",256,109,256,109,0,10,0,10,0,10,0,10,0,10,0,10,0,10,0,10
86000US49117,"49117",3756,291,3480,282,39,43,0,10,96,85,0,10,121,103,20,13,0,10,20,13
86000US49119,"49119",66,29,62,30,0,10,0,10,0,10,0,10,0,10,4,6,0,10,4,6
86000US49120,"49120",36346,370,32167,686,2394,524,209,95,226,99,0,22,230,138,1120,286,98,70,1022,291
86000US49125,"49125",2243,282,2228,284,0,10,0,10,0,10,0,10,10,17,5,8,0,10,5,8
86000US49126,"49126",1225,189,1043,187,45,33,4,8,0,10,0,10,116,87,17,15,3,6,14,14
86000US49127,"49127",10755,499,9879,587,345,216,9,15,268,122,0,16,27,33,227,118,35,41,192,113
86000US49128,"49128",3408,267,3319,266,9,8,14,19,9,13,0,10,0,10,57,44,0,10,57,44
86000US49129,"49129",513,155,479,150,34,34,0,10,0,10,0,10,0,10,0,10,0,10,0,10
86000US49130,"49130",1474,325,1430,311,0,10,0,10,44,43,0,10,0,10,0,10,0,10,0,10
86000US49201,"49201",45222,1472,38144,1374,4676,604,285,136,392,161,6,14,312,141,1407,470,128,51,1279,462
86000US49202,"49202",19289,933,16285,948,1634,336,76,69,297,161,0,16,67,98,930,259,10,14,920,258
86000US49203,"49203",38633,1251,30823,1186,5284,554,76,59,346,177,20,25,355,211,1729,434,34,34,1695,430
86000US49220,"49220",2415,276,2360,264,2,4,21,25,3,5,0,10,0,10,29,34,0,10,29,34
86000US49221,"49221",40423,539,36027,636,2127,263,188,94,114,66,9,17,669,262,1289,279,120,66,1169,265
86000US49224,"49224",13966,338,10478,403,2739,356,73,48,40,35,0,16,99,71,537,227,34,25,503,226
86000US49227,"49227",1114,123,1091,121,3,4,0,10,7,9,0,10,12,15,1,4,0,10,1,4
86000US49228,"49228",5310,178,5168,197,35,44,28,31,6,9,0,15,8,10,65,55,0,15,65,55
86000US49229,"49229",3404,386,3245,358,3,6,0,10,5,7,0,10,2,4,149,91,3,5,146,91
86000US49230,"49230",10331,364,9799,437,263,282,20,23,88,70,0,16,0,16,161,91,0,16,161,91
86000US49232,"49232",2716,315,2686,317,0,10,4,5,0,10,0,10,1,3,25,22,0,10,25,22
86000US49233,"49233",2386,321,2345,312,12,21,15,17,1,3,0,10,2,4,11,12,0,10,11,12
86000US49234,"49234",2650,343,2548,341,24,27,5,8,7,13,0,10,0,10,66,63,0,10,66,63
86000US49235,"49235",2088,283,2019,271,7,10,0,10,0,10,0,10,6,8,56,62,0,10,56,62
86000US49236,"49236",4807,211,4577,226,64,50,16,19,34,43,0,10,9,10,107,62,22,27,85,57
86000US49237,"49237",3047,197,2855,220,117,122,5,8,23,31,0,10,7,10,40,27,0,10,40,27
86000US49238,"49238",1803,203,1758,208,12,19,1,4,0,10,0,10,4,5,28,23,12,19,16,13
86000US49240,"49240",9688,488,9454,498,17,15,21,30,121,113,0,15,18,18,57,41,0,15,57,41
86000US49241,"49241",2773,323,2729,321,13,22,0,10,0,10,0,10,0,10,31,26,0,10,31,26
86000US49242,"49242",14809,387,14199,408,172,57,20,23,130,50,0,16,51,33,237,98,24,44,213,77
86000US49245,"49245",4745,186,4616,184,0,10,27,27,0,10,0,10,0,10,102,80,0,10,102,80
86000US49246,"49246",3116,374,3078,373,0,10,0,10,16,23,0,10,0,10,22,27,0,10,22,27
86000US49247,"49247",5690,386,5502,387,6,9,49,50,3,6,0,15,15,14,115,62,6,8,109,61
86000US49248,"49248",821,149,798,145,20,25,3,5,0,10,0,10,0,10,0,10,0,10,0,10
86000US49249,"49249",3625,311,3515,321,27,38,26,31,10,16,0,10,10,16,37,32,0,10,37,32
86000US49250,"49250",6322,254,5994,275,75,46,66,44,31,29,0,15,3,4,153,48,0,15,153,48
86000US49251,"49251",6278,320,6019,321,43,37,0,15,0,15,4,8,39,41,173,88,21,18,152,87
86000US49252,"49252",2373,146,2297,137,6,11,35,49,0,10,0,10,1,2,34,23,0,10,34,23
86000US49253,"49253",2771,344,2752,342,8,14,8,13,0,10,0,10,0,10,3,4,0,10,3,4
86000US49254,"49254",3069,450,2951,479,51,81,0,10,0,10,0,10,0,10,67,61,14,22,53,59
86000US49255,"49255",2617,379,2593,380,0,10,3,4,9,11,0,10,0,10,12,10,3,4,9,9
86000US49256,"49256",3750,329,3556,317,0,10,24,36,19,20,0,10,7,8,144,80,12,15,132,80
86000US49259,"49259",2116,294,2063,293,12,14,4,6,0,10,0,10,13,24,24,26,11,17,13,20
86000US49261,"49261",269,177,269,177,0,10,0,10,0,10,0,10,0,10,0,10,0,10,0,10
86000US49262,"49262",1243,192,1224,190,1,3,0,10,0,10,0,10,6,7,12,13,0,10,12,13
86000US49263,"49263",65,50,65,50,0,10,0,10,0,10,0,10,0,10,0,10,0,10,0,10
86000US49264,"49264",2100,234,2069,227,6,14,0,10,0,10,0,10,0,10,25,28,0,10,25,28
86000US49265,"49265",5102,285,4744,312,68,83,17,15,16,16,0,15,33,45,224,132,98,130,126,94
86000US49266,"49266",3323,257,3260,257,30,34,0,10,0,10,0,10,0,10,33,29,0,10,33,29
86000US49267,"49267",3988,208,3801,228,54,64,0,10,56,51,0,10,27,32,50,50,22,38,28,29
86000US49268,"49268",1153,150,1005,131,5,9,52,77,25,26,0,10,2,3,64,44,12,16,52,42
86000US49269,"49269",6175,637,6014,638,32,32,18,19,3,5,0,15,8,12,100,114,0,15,100,114
86000US49270,"49270",5716,370,5506,389,33,33,9,11,20,18,0,15,32,39,116,72,3,5,113,72
86000US49271,"49271",1872,277,1747,244,10,15,8,12,0,10,0,10,46,69,61,48,0,10,61,48
86000US49272,"49272",2326,267,2252,266,30,44,0,10,0,10,0,10,8,14,36,37,0,10,36,37
86000US49274,"49274",3365,338,3331,338,8,18,2,3,1,2,0,10,9,11,14,14,1,3,13,14
86000US49276,"49276",851,165,810,160,4,6,0,10,21,41,0,10,0,10,16,16,7,10,9,13
86000US49277,"49277",3290,333,3094,303,23,31,0,10,0,10,0,10,0,10,173,138,0,10,173,138
86000US49279,"49279",845,183,810,174,27,43,0,10,0,10,0,10,8,8,0,10,0,10,0,10
86000US49282,"49282",244,111,244,111,0,10,0,10,0,10,0,10,0,10,0,10,0,10,0,10
86000US49283,"49283",3799,410,3491,363,94,42,6,13,28,28,9,15,52,64,119,95,0,10,119,95
86000US49284,"49284",2995,235,2850,236,25,25,14,14,5,7,0,10,3,4,98,91,0,10,98,91
86000US49285,"49285",5740,310,5544,305,33,44,31,37,49,53,0,15,14,17,69,44,0,15,69,44
86000US49286,"49286",14639,633,14037,622,65,71,61,58,51,42,11,18,14,16,400,190,80,79,320,163
86000US49287,"49287",2019,261,1895,262,11,19,0,10,15,27,0,10,0,10,98,79,0,10,98,79
86000US49288,"49288",1491,190,1453,194,15,35,0,10,0,10,0,10,1,3,22,21,0,10,22,21
86000US49289,"49289",127,60,127,60,0,10,0,10,0,10,0,10,0,10,0,10,0,10,0,10
86000US49301,"49301",20302,669,18664,675,317,234,26,40,928,294,9,15,26,31,332,172,9,16,323,173
86000US49302,"49302",8717,490,8468,468,4,8,35,54,40,45,0,15,7,11,163,110,7,11,156,110
86000US49303,"49303",1019,208,984,182,28,65,0,10,0,10,0,10,0,10,7,11,0,10,7,11
86000US49304,"49304",3922,253,2926,236,683,118,43,35,2,4,13,12,42,31,213,100,14,17,199,98
86000US49305,"49305",2134,189,2013,193,14,13,42,32,5,6,0,10,11,12,49,31,0,10,49,31
86000US49306,"49306",10650,877,10056,859,32,36,83,97,136,80,15,24,71,67,257,190,24,34,233,186
86000US49307,"49307",20590,305,18443,323,1049,168,196,94,323,103,4,7,93,58,482,157,41,36,441,154
86000US49309,"49309",1509,137,1335,119,91,43,22,14,15,17,0,10,19,14,27,15,0,10,27,15
86000US49310,"49310",3284,407,3192,396,28,22,19,17,0,10,0,10,6,8,39,31,0,10,39,31
86000US49312,"49312",293,73,279,76,12,17,0,10,0,10,0,10,0,10,2,3,0,10,2,3
86000US49315,"49315",23283,544,21260,662,332,255,121,120,837,278,0,19,180,155,553,290,197,193,356,226
86000US49316,"49316",23391,1030,21143,863,631,208,19,31,900,234,0,19,45,45,653,244,72,86,581,239
86000US49318,"49318",1515,211,1464,206,29,38,0,10,5,6,0,10,0,10,17,12,2,3,15,11
86000US49319,"49319",16705,799,16049,787,127,90,0,16,110,70,0,16,71,72,348,201,10,15,338,201
86000US49320,"49320",22,20,22,20,0,10,0,10,0,10,0,10,0,10,0,10,0,10,0,10
86000US49321,"49321",17160,497,15138,585,785,361,85,81,331,193,0,16,291,185,530,263,156,191,374,205
86000US49322,"49322",1532,285,1486,277,22,38,0,10,0,10,0,10,7,9,17,32,0,10,17,32
86000US49323,"49323",10296,526,9939,569,25,35,14,22,46,49,0,16,10,17,262,137,0,16,262,137
86000US49325,"49325",2050,289,2019,284,4,6,6,9,0,10,0,10,0,10,21,28,0,10,21,28
86000US49326,"49326",4308,518,4064,452,189,271,0,10,0,10,0,10,5,9,50,46,0,10,50,46
86000US49327,"49327",8472,365,7715,389,43,42,33,39,60,48,0,15,396,191,225,92,33,36,192,87
86000US49328,"49328",4288,253,4124,261,74,65,27,25,0,10,0,10,0,10,63,49,0,10,63,49
86000US49329,"49329",8664,437,8419,423,27,36,69,69,26,22,0,15,6,10,117,68,7,10,110,67
86000US49330,"49330",5724,208,5410,278,108,79,3,5,0,15,0,15,109,105,94,59,0,15,94,59
86000US49331,"49331",18028,432,17213,532,157,131,7,11,57,44,0,16,145,162,449,206,107,97,342,161
86000US49332,"49332",3251,340,3108,340,47,38,3,5,0,10,0,10,15,14,78,42,0,10,78,42
86000US49333,"49333",11639,461,11217,457,46,38,20,15,34,42,4,7,112,157,206,122,0,16,206,122
86000US49335,"49335",224,223,224,223,0,10,0,10,0,10,0,10,0,10,0,10,0,10,0,10
86000US49336,"49336",4170,319,4015,311,15,11,28,22,26,29,0,10,4,5,82,47,14,20,68,44
86000US49337,"49337",12017,463,11381,487,113,61,41,31,15,22,16,24,329,147,122,47,0,16,122,47
86000US49338,"49338",1750,236,1638,243,103,123,0,10,0,10,0,10,4,6,5,6,0,10,5,6
86000US49339,"49339",2160,245,1957,231,29,42,15,22,2,3,0,10,43,61,114,89,0,10,114,89
86000US49340,"49340",2786,245,2534,243,43,34,16,13,12,10,0,10,3,5,178,82,10,13,168,82
86000US49341,"49341",37505,1246,35702,1385,256,148,46,46,466,275,0,22,174,96,861,351,160,144,701,327
86000US49342,"49342",1816,218,1743,210,10,13,0,10,9,13,0,10,0,10,54,48,0,10,54,48
86000US49343,"49343",5551,689,5440,707,35,46,8,11,11,16,0,15,2,6,55,44,3,7,52,44
86000US49344,"49344",3266,350,3007,336,132,113,41,38,5,9,0,10,0,10,81,56,0,10,81,56
86000US49345,"49345",15123,942,14811,932,83,64,0,16,46,45,0,16,18,22,165,104,9,14,156,103
86000US49346,"49346",5326,470,5205,460,32,31,0,15,0,15,5,8,6,8,78,62,6,8,72,66
86000US49347,"49347",1188,215,1135,189,0,10,43,65,8,10,0,10,0,10,2,4,0,10,2,4
86000US49348,"49348",12501,535,11701,553,185,127,11,14,106,83,0,16,134,122,364,188,76,103,288,142
86000US49349,"49349",7871,314,7282,308,183,74,163,60,21,16,0,15,114,87,108,52,1,2,107,52
86000US49401,"49401",24900,478,22014,630,890,254,141,102,391,150,33,50,507,373,924,259,72,84,852,245
86000US49402,"49402",1269,158,1180,151,34,43,2,3,12,12,0,10,0,10,41,33,4,6,37,33
86000US49403,"49403",2747,236,2679,230,2,3,29,30,24,23,0,10,4,6,9,13,0,10,9,13
86000US49404,"49404",8553,385,8105,426,5,6,86,82,30,35,0,15,17,11,310,184,0,15,310,184
86000US49405,"49405",1583,170,1495,158,61,62,21,16,0,10,0,10,0,10,6,7,1,3,5,6
86000US49406,"49406",710,190,695,185,0,10,3,5,12,18,0,10,0,10,0,10,0,10,0,10
86000US49408,"49408",9726,507,8906,468,64,44,31,36,36,34,0,15,392,155,297,119,117,92,180,68
86000US49410,"49410",1925,229,1776,220,12,12,0,10,3,4,0,10,37,38,97,44,21,22,76,40
86000US49411,"49411",1451,124,1365,119,16,19,8,10,0,10,0,10,3,4,59,34,17,23,42,24
86000US49412,"49412",11419,384,10583,416,132,83,103,121,72,40,0,16,276,209,253,93,7,18,246,93
86000US49415,"49415",6905,506,6709,503,60,69,9,15,22,35,0,15,7,12,98,84,4,7,94,84
86000US49417,"49417",31496,313,30116,493,139,83,94,65,278,161,12,21,421,259,436,154,70,45,366,143
86000US49418,"49418",28521,896,25414,984,339,173,143,91,813,330,0,19,936,596,876,306,194,140,682,253
86000US49419,"49419",8612,465,8358,449,12,15,0,15,11,15,0,15,11,16,220,125,39,47,181,117
86000US49420,"49420",6308,356,5769,336,200,111,79,31,12,11,4,5,117,46,127,48,36,24,91,38
86000US49421,"49421",5906,391,5537,376,9,12,38,23,9,9,0,15,215,140,98,39,9,11,89,39
86000US49423,"49423",45040,373,38073,905,1517,374,214,114,1137,291,12,23,2543,601,1544,399,511,257,1033,337
86000US49424,"49424",48799,696,37745,1409,1059,309,122,88,3581,515,0,22,4478,1099,1814,555,433,259,1381,495
86000US49425,"49425",3823,415,3617,416,0,10,116,94,3,5,0,10,0,10,87,48,0,10,87,48
86000US49426,"49426",37601,801,35486,787,334,166,20,24,585,257,0,22,262,132,914,292,64,64,850,281
86000US49428,"49428",27445,646,25859,746,253,143,80,68,221,136,11,18,184,133,837,341,7,12,830,340
86000US49431,"49431",17274,296,16386,313,125,56,201,55,118,48,0,16,111,63,333,109,132,77,201,91
86000US49434,"49434",6,9,6,9,0,10,0,10,0,10,0,10,0,10,0,10,0,10,0,10
86000US49435,"49435",3929,505,3811,505,9,19,0,10,0,10,0,10,62,92,47,50,0,10,47,50
86000US49436,"49436",1584,163,1476,160,2,4,13,10,0,10,0,10,23,26,70,57,3,5,67,58
86000US49437,"49437",6852,341,6592,346,45,37,81,92,0,15,0,15,40,25,94,48,21,17,73,40
86000US49440,"49440",811,158,651,144,66,47,35,32,9,14,0,10,0,10,50,67,0,10,50,67
86000US49441,"49441",35365,867,29837,790,3791,568,298,193,391,154,21,24,175,123,852,223,38,46,814,225
86000US49442,"49442",41580,907,29685,774,8513,690,343,114,100,59,0,22,352,251,2587,492,228,191,2359,477
86000US49444,"49444",29684,676,17627,746,10296,476,307,179,127,58,5,10,163,82,1159,268,122,85,1037,252
86000US49445,"49445",21670,646,20372,685,322,113,91,57,108,54,0,19,135,99,642,254,95,130,547,219
86000US49446,"49446",2463,322,2366,320,33,26,7,9,14,12,0,10,22,20,21,19,6,13,15,15
86000US49448,"49448",4100,378,3968,389,41,40,0,10,15,22,0,10,33,36,43,40,0,10,43,40
86000US49449,"49449",2661,217,2586,221,0,10,2,4,2,6,0,10,45,54,26,21,0,10,26,21
86000US49450,"49450",3314,447,2797,603,6,13,0,10,0,10,0,10,492,444,19,24,13,22,6,11
86000US49451,"49451",6025,312,5868,315,25,27,22,34,23,25,0,15,15,15,72,46,0,15,72,46
86000US49452,"49452",2102,248,1987,239,8,26,40,32,3,4,1,2,10,16,53,43,12,22,41,36
86000US49453,"49453",2400,319,2230,325,0,10,66,57,12,19,0,10,53,55,39,46,0,10,39,46
86000US49454,"49454",4796,332,4575,309,47,57,40,33,41,30,0,10,0,10,93,66,31,44,62,44
86000US49455,"49455",4831,249,4556,266,40,36,58,33,6,10,0,10,111,104,60,47,27,27,33,38
86000US49456,"49456",19480,274,18586,329,116,84,83,60,226,138,0,16,126,87,343,147,0,16,343,147
86000US49457,"49457",10137,614,9535,607,185,154,60,40,46,42,0,16,38,34,273,138,30,32,243,122
86000US49458,"49458",80,39,80,39,0,10,0,10,0,10,0,10,0,10,0,10,0,10,0,10
86000US49459,"49459",1515,217,1406,216,1,8,51,35,0,10,0,10,20,16,37,22,2,3,35,22
86000US49460,"49460",8932,487,8472,524,95,63,24,28,52,37,0,15,94,83,195,139,52,59,143,131
86000US49461,"49461",9174,413,8473,454,135,81,22,18,112,73,0,15,17,21,415,195,25,28,390,193
86000US49464,"49464",29220,922,26689,934,260,134,99,70,1196,343,11,18,321,215,644,223,256,139,388,184
86000US49503,"49503",37250,1258,26395,1092,5178,708,247,125,668,222,7,11,2218,537,2537,489,353,233,2184,449
86000US49504,"49504",39633,1006,32216,1195,2706,500,99,72,517,200,0,22,1795,543,2300,522,140,115,2160,519
86000US49505,"49505",32372,957,24736,907,4782,645,57,39,849,516,34,39,243,133,1671,390,97,73,1574,370
86000US49506,"49506",34528,1122,27621,951,4837,760,142,103,499,225,17,28,339,158,1073,331,27,49,1046,327
86000US49507,"49507",39323,1348,16801,1106,12701,1269,128,131,291,147,9,18,6465,933,2928,498,368,152,2560,480
86000US49508,"49508",39571,1116,23500,1262,9847,1088,109,80,3856,731,0,22,472,289,1787,488,70,99,1717,475
86000US49509,"49509",28323,961,19158,1151,2601,602,232,196,531,237,27,36,3540,677,2234,631,275,203,1959,620
86000US49512,"49512",18170,779,11375,858,5162,1047,33,36,1211,351,34,46,56,52,299,146,5,9,294,147
86000US49519,"49519",28836,1018,21472,1173,2335,552,298,219,1188,472,0,19,2165,822,1378,345,172,134,1206,331
86000US49525,"49525",30019,572,26886,747,1080,488,7,11,882,282,8,11,102,95,1054,321,100,78,954,304
86000US49534,"49534",21952,812,20352,900,366,182,16,24,537,254,0,19,135,143,546,211,79,84,467,188
86000US49544,"49544",10341,710,9003,805,497,276,10,15,255,235,0,16,134,140,442,214,10,18,432,215
86000US49546,"49546",34111,835,27350,936,3277,730,159,157,2319,531,6,10,178,161,822,296,73,51,749,296
86000US49548,"49548",33613,785,24223,943,3469,490,259,233,1529,269,21,40,1966,522,2146,513,360,194,1786,486
86000US49601,"49601",21816,348,20851,358,218,86,86,68,107,32,0,19,19,20,535,135,39,38,496,126
86000US49611,"49611",285,126,285,126,0,10,0,10,0,10,0,10,0,10,0,10,0,10,0,10
86000US49612,"49612",1332,193,1286,187,0,10,5,6,4,7,0,10,6,9,31,23,0,10,31,23
86000US49613,"49613",677,97,651,99,21,20,5,5,0,10,0,10,0,10,0,10,0,10,0,10
86000US49614,"49614",2942,240,2786,239,5,9,48,38,4,6,0,10,19,22,80,47,11,14,69,46
86000US49615,"49615",3925,258,3842,254,16,15,18,15,16,16,0,10,0,10,33,30,0,10,33,30
86000US49616,"49616",2186,193,1911,191,3,5,105,55,48,39,0,10,4,8,115,62,0,10,115,62
86000US49617,"49617",3047,268,3017,270,16,14,6,9,4,7,0,10,0,10,4,5,0,10,4,5
86000US49618,"49618",773,122,720,126,0,10,2,4,12,17,15,23,10,11,14,13,0,10,14,13
86000US49619,"49619",1031,161,972,135,31,72,18,13,0,10,0,10,0,10,10,11,0,10,10,11
86000US49620,"49620",2533,204,2427,202,4,7,20,20,26,25,11,18,4,6,41,25,0,10,41,25
86000US49621,"49621",3908,353,3824,349,6,15,40,26,4,6,0,10,19,15,15,20,0,10,15,20
86000US49622,"49622",2475,202,2436,198,1,2,10,13,7,9,0,10,1,3,20,14,0,10,20,14
86000US49623,"49623",1226,168,1155,162,10,10,12,12,0,10,0,10,0,10,49,34,0,10,49,34
86000US49625,"49625",1113,122,1084,118,0,10,13,11,1,3,0,10,0,10,15,12,4,5,11,11
86000US49626,"49626",364,78,307,73,3,5,38,44,4,6,0,10,0,10,12,13,0,10,12,13
86000US49627,"49627",219,112,201,114,0,10,9,14,0,10,0,10,0,10,9,13,0,10,9,13
86000US49628,"49628",165,76,160,76,0,10,3,4,0,10,0,10,0,10,2,3,2,3,0,10
86000US49629,"49629",2045,157,2012,164,0,10,0,10,0,10,0,10,0,10,33,25,0,10,33,25
86000US49630,"49630",1474,119,1441,116,5,7,3,4,6,6,0,10,0,10,19,17,6,8,13,12
86000US49631,"49631",6226,324,5923,317,59,34,113,63,30,20,0,15,0,15,101,41,4,6,97,40
86000US49632,"49632",1051,152,1038,150,0,10,0,10,0,10,0,10,7,6,6,6,5,6,1,1
86000US49633,"49633",3713,256,3488,253,61,63,85,62,18,18,0,10,9,9,52,48,0,10,52,48
86000US49634,"49634",57,45,57,45,0,10,0,10,0,10,0,10,0,10,0,10,0,10,0,10
86000US49635,"49635",3450,250,3423,249,8,11,4,7,2,4,0,10,0,10,13,9,2,4,11,10
86000US49636,"49636",427,76,400,87,23,38,0,10,4,6,0,10,0,10,0,10,0,10,0,10
86000US49637,"49637",3411,576,3214,604,0,10,0,10,139,158,0,10,58,92,0,10,0,10,0,10
86000US49638,"49638",849,114,834,112,4,6,6,8,0,10,0,10,0,10,5,6,0,10,5,6
86000US49639,"49639",2253,277,2150,267,10,13,6,7,0,10,0,10,0,10,87,77,4,7,83,77
86000US49640,"49640",1610,200,1499,182,5,14,74,54,1,2,10,13,6,13,15,16,0,10,15,16
86000US49642,"49642",771,153,493,126,213,64,9,13,0,10,2,3,3,4,51,37,0,10,51,37
86000US49643,"49643",6956,499,6802,496,49,63,36,38,23,19,5,10,0,15,41,46,0,15,41,46
86000US49644,"49644",2152,156,2082,154,0,10,30,22,10,14,0,10,0,10,30,25,0,10,30,25
86000US49645,"49645",1608,201,1468,163,48,46,11,11,2,4,4,7,5,5,70,37,9,9,61,35
86000US49646,"49646",8252,323,7910,320,44,46,67,46,58,35,0,15,3,10,170,52,0,15,170,52
86000US49648,"49648",2240,237,2059,191,5,7,19,15,0,10,0,10,148,156,9,13,0,10,9,13
86000US49649,"49649",7101,321,6605,326,144,55,58,44,60,41,0,15,59,74,175,99,22,43,153,96
86000US49650,"49650",3295,169,3198,191,0,10,0,10,0,10,0,10,0,10,97,64,38,54,59,33
86000US49651,"49651",7838,267,7483,259,60,40,55,30,21,15,0,15,10,15,209,45,8,12,201,43
86000US49653,"49653",1969,254,1916,248,11,16,0,10,0,10,0,10,0,10,42,42,0,10,42,42
86000US49654,"49654",424,115,414,114,6,9,0,10,4,8,0,10,0,10,0,10,0,10,0,10
86000US49655,"49655",3538,258,3474,257,15,20,6,7,0,10,0,10,5,7,38,23,0,10,38,23
86000US49656,"49656",1667,154,1629,151,0,10,2,3,6,8,0,10,0,10,30,26,2,3,28,25
86000US49657,"49657",3704,265,3592,245,17,26,3,4,0,10,0,10,44,50,48,48,0,10,48,48
86000US49659,"49659",6809,240,6478,220,62,44,64,38,38,27,0,15,20,27,147,57,0,15,147,57
86000US49660,"49660",14202,318,12604,337,597,127,285,82,81,33,12,17,62,63,561,145,50,42,511,143
86000US49663,"49663",6205,335,5964,329,33,29,50,35,19,19,10,11,12,11,117,65,0,15,117,65
86000US49664,"49664",1848,176,1778,162,7,10,21,14,18,16,0,10,0,10,24,31,0,10,24,31
86000US49665,"49665",4150,196,4023,193,10,13,58,33,11,9,0,10,2,3,46,32,0,10,46,32
86000US49666,"49666",245,238,245,238,0,10,0,10,0,10,0,10,0,10,0,10,0,10,0,10
86000US49667,"49667",514,82,506,79,0,10,0,10,0,10,0,10,0,10,8,9,0,10,8,9
86000US49668,"49668",3404,224,3245,227,4,6,32,25,35,15,3,4,6,9,79,36,3,6,76,36
86000US49670,"49670",1963,174,1835,191,3,7,13,13,0,10,17,23,18,19,77,79,0,10,77,79
86000US49674,"49674",53,51,53,51,0,10,0,10,0,10,0,10,0,10,0,10,0,10,0,10
86000US49675,"49675",993,141,928,136,0,10,0,10,0,10,0,10,0,10,65,60,0,10,65,60
86000US49676,"49676",3686,243,3500,240,48,51,73,43,13,15,0,10,10,17,42,38,0,10,42,38
86000US49677,"49677",7155,300,6877,296,130,58,14,10,17,20,0,15,5,7,112,44,19,16,93,37
86000US49679,"49679",1291,179,1196,130,28,39,0,10,0,10,0,10,22,37,45,35,14,21,31,28
86000US49680,"49680",1927,173,1887,170,0,10,19,25,3,4,0,10,0,10,18,14,0,10,18,14
86000US49682,"49682",4068,185,3242,233,44,48,523,96,20,15,0,10,88,96,151,62,4,5,147,63
86000US49683,"49683",2135,227,1976,201,4,6,97,76,2,3,0,10,0,10,56,44,0,10,56,44
86000US49684,"49684",40681,885,38639,887,176,96,546,231,249,140,9,13,145,100,917,278,6,11,911,278
86000US49686,"49686",33459,703,31682,732,386,182,198,126,143,67,7,11,90,62,953,290,18,27,935,291
86000US49688,"49688",2503,189,2442,182,9,10,4,5,6,8,0,10,0,10,42,29,0,10,42,29
86000US49689,"49689",1437,169,1393,162,1,2,28,17,3,4,0,10,1,3,11,10,0,10,11,10
86000US49690,"49690",7036,402,6684,381,86,98,72,77,0,15,0,15,49,76,145,104,0,15,145,104
86000US49701,"49701",977,128,800,107,73,63,36,16,6,8,0,10,1,2,61,50,0,10,61,50
86000US49705,"49705",889,148,832,143,0,10,9,8,3,5,0,10,0,10,45,33,0,10,45,33
86000US49706,"49706",4300,306,3735,342,3,6,294,205,13,15,0,10,2,4,253,101,5,9,248,100
86000US49707,"49707",21771,259,21021,254,139,45,107,47,149,38,5,10,36,25,314,88,22,27,292,85
86000US49709,"49709",3549,228,3381,220,6,10,54,50,0,10,0,10,8,11,100,49,0,10,100,49
86000US49710,"49710",383,92,337,100,0,10,34,29,0,10,0,10,0,10,12,15,4,7,8,13
86000US49712,"49712",8026,236,7658,233,19,18,90,41,72,46,14,16,2,4,171,77,2,3,169,77
86000US49713,"49713",2099,157,2007,158,11,11,27,17,0,10,0,10,2,3,52,27,8,11,44,23
86000US49715,"49715",3499,214,1962,203,21,25,1106,141,45,34,1,2,4,6,360,95,23,20,337,95
86000US49716,"49716",1012,162,965,173,3,9,38,41,6,7,0,10,0,10,0,10,0,10,0,10
86000US49717,"49717",111,73,111,73,0,10,0,10,0,10,0,10,0,10,0,10,0,10,0,10
86000US49718,"49718",632,101,582,97,5,7,31,21,0,10,1,2,3,5,10,11,0,10,10,11
86000US49719,"49719",1176,175,1070,164,0,10,62,60,15,19,0,10,3,5,26,24,7,11,19,22
86000US49720,"49720",8766,268,8300,284,69,35,210,71,27,26,2,4,2,8,156,87,63,53,93,60
86000US49721,"49721",14164,255,12987,249,183,54,348,78,89,37,0,16,19,28,538,99,8,16,530,97
86000US49722,"49722",306,153,303,154,0,10,0,10,0,10,0,10,0,10,3,5,0,10,3,5
86000US49724,"49724",1135,227,909,194,0,10,167,90,12,12,0,10,0,10,47,27,0,10,47,27
86000US49725,"49725",680,146,533,94,0,10,124,98,4,7,0,10,0,10,19,16,0,10,19,16
86000US49726,"49726",1051,131,955,134,0,10,66,43,4,7,0,10,0,10,26,17,0,10,26,17
86000US49727,"49727",7312,310,7012,287,15,23,63,33,43,27,0,15,17,16,162,68,11,16,151,64
86000US49728,"49728",274,65,221,57,1,3,20,16,11,11,0,10,0,10,21,18,0,10,21,18
86000US49729,"49729",1573,124,1482,122,24,25,13,13,10,8,0,10,0,10,44,30,0,10,44,30
86000US49730,"49730",2234,218,2167,217,13,19,4,6,6,8,0,10,0,10,44,29,0,10,44,29
86000US49733,"49733",2078,252,2002,248,0,10,19,17,0,10,0,10,0,10,57,48,0,10,57,48
86000US49735,"49735",19744,235,18801,250,163,75,60,41,122,60,0,16,34,32,564,88,10,14,554,89
86000US49736,"49736",475,87,423,78,0,10,43,32,0,10,0,10,0,10,9,10,0,10,9,10
86000US49738,"49738",9854,212,9488,209,103,55,5,7,129,15,0,15,17,21,112,61,7,11,105,59
86000US49740,"49740",7046,266,6634,253,29,23,153,47,52,25,1,3,32,25,145,58,23,25,122,53
86000US49743,"49743",766,89,741,86,3,7,1,2,11,11,0,10,0,10,10,9,0,10,10,9
86000US49744,"49744",740,125,740,125,0,10,0,10,0,10,0,10,0,10,0,10,0,10,0,10
86000US49745,"49745",973,188,665,148,0,10,199,78,0,10,0,10,0,10,109,73,0,10,109,73
86000US49746,"49746",3316,187,3245,186,16,18,0,10,14,17,0,10,2,4,39,25,3,6,36,25
86000US49747,"49747",1953,174,1889,167,2,4,0,10,10,13,3,4,4,7,45,27,0,10,45,27
86000US49748,"49748",171,42,155,33,12,17,2,5,0,10,0,10,0,10,2,3,0,10,2,3
86000US49749,"49749",3958,262,3786,260,18,21,14,11,0,10,0,10,32,30,108,54,0,10,108,54
86000US49751,"49751",2021,207,1961,192,0,10,33,31,13,22,3,4,0,10,11,15,0,10,11,15
86000US49752,"49752",912,200,742,177,92,56,71,89,0,10,0,10,0,10,7,10,0,10,7,10
86000US49753,"49753",2075,181,2055,177,2,3,0,10,0,10,0,10,8,9,10,10,2,5,8,8
86000US49755,"49755",1978,205,1832,195,11,11,69,41,5,6,1,3,0,10,60,35,0,10,60,35
86000US49756,"49756",3599,276,3508,269,6,13,35,25,0,10,0,10,14,11,36,23,16,18,20,17
86000US49757,"49757",1072,303,742,307,181,83,110,53,15,25,0,10,0,10,24,16,0,10,24,16
86000US49759,"49759",1520,135,1444,139,13,12,7,6,12,13,0,10,4,6,40,23,13,17,27,15
86000US49760,"49760",647,124,454,82,0,10,170,67,0,10,0,10,0,10,23,13,0,10,23,13
86000US49762,"49762",615,113,459,103,4,6,115,49,3,5,0,10,0,10,34,23,9,14,25,19
86000US49764,"49764",363,217,363,217,0,10,0,10,0,10,0,10,0,10,0,10,0,10,0,10
86000US49765,"49765",3771,201,3644,201,18,12,17,13,7,6,0,10,8,9,77,33,3,4,74,32
86000US49766,"49766",2304,248,2254,245,17,27,0,10,18,19,0,10,0,10,15,22,0,10,15,22
86000US49768,"49768",448,135,409,135,1,2,17,13,0,10,0,10,4,7,17,16,0,10,17,16
86000US49769,"49769",1671,189,1464,165,12,17,101,51,12,18,0,10,0,10,82,42,0,10,82,42
86000US49770,"49770",17045,216,15979,274,114,53,320,77,111,44,27,15,34,38,460,129,0,16,460,129
86000US49774,"49774",1772,207,1622,190,2,3,71,39,7,7,2,5,0,10,68,42,0,10,68,42
86000US49775,"49775",76,29,76,29,0,10,0,10,0,10,0,10,0,10,0,10,0,10,0,10
86000US49776,"49776",1747,140,1685,136,27,24,6,6,1,4,0,10,14,13,14,22,0,10,14,22
86000US49777,"49777",1735,107,1714,105,0,10,0,10,16,19,0,10,0,10,5,7,0,10,5,7
86000US49779,"49779",4448,144,4295,153,19,15,25,21,29,21,0,10,10,15,70,26,0,10,70,26
86000US49780,"49780",1882,251,1603,244,46,54,112,46,7,9,0,10,0,10,114,61,0,10,114,61
86000US49781,"49781",3587,208,2215,199,104,70,932,108,40,24,14,11,9,14,273,73,6,8,267,72
86000US49782,"49782",577,66,550,63,0,10,19,15,0,10,0,10,8,9,0,10,0,10,0,10
86000US49783,"49783",19270,332,14328,445,470,254,2596,322,189,79,32,10,16,19,1639,343,42,38,1597,336
86000US49788,"49788",5998,228,2724,275,1649,418,907,197,94,52,0,15,8,12,616,175,17,18,599,175
86000US49791,"49791",375,131,354,128,0,10,0,10,0,10,0,10,0,10,21,27,0,10,21,27
86000US49793,"49793",186,63,151,50,0,10,17,17,0,10,0,10,0,10,18,23,0,10,18,23
86000US49795,"49795",1937,162,1894,164,0,10,11,10,4,6,3,4,3,8,22,18,0,10,22,18
86000US49796,"49796",283,74,280,76,1,4,0,10,0,10,0,10,0,10,2,3,0,10,2,3
86000US49799,"49799",2240,178,2086,168,0,10,73,67,16,19,0,10,0,10,65,59,3,10,62,59
86000US49801,"49801",11306,286,11058,307,98,45,16,23,49,34,0,16,5,8,80,55,10,11,70,54
86000US49802,"49802",5981,245,5396,272,56,47,192,140,74,38,0,15,56,40,207,109,27,33,180,110
86000US49805,"49805",359,108,359,108,0,10,0,10,0,10,0,10,0,10,0,10,0,10,0,10
86000US49806,"49806",496,92,424,79,5,11,40,30,4,6,0,10,0,10,23,26,1,2,22,26
86000US49807,"49807",3581,235,3402,228,5,7,62,40,22,19,0,10,0,10,90,52,0,10,90,52
86000US49808,"49808",223,97,213,96,2,3,0,10,0,10,0,10,0,10,8,9,0,10,8,9
86000US49812,"49812",877,92,857,90,13,32,6,6,0,10,0,10,0,10,1,4,0,10,1,4
86000US49814,"49814",1360,157,1306,157,0,10,14,11,0,10,2,3,8,8,30,18,0,10,30,18
86000US49815,"49815",281,78,281,78,0,10,0,10,0,10,0,10,0,10,0,10,0,10,0,10
86000US49816,"49816",749,183,732,179,4,9,3,6,0,10,0,10,0,10,10,15,1,4,9,14
86000US49817,"49817",575,95,492,89,0,10,19,13,4,6,0,10,0,10,60,53,0,10,60,53
86000US49818,"49818",1003,184,996,182,0,10,7,10,0,10,0,10,0,10,0,10,0,10,0,10
86000US49819,"49819",27,21,27,21,0,10,0,10,0,10,0,10,0,10,0,10,0,10,0,10
86000US49820,"49820",294,85,265,80,17,18,3,4,0,10,0,10,9,11,0,10,0,10,0,10
86000US49821,"49821",1217,125,1183,125,1,2,7,9,2,3,0,10,1,3,23,24,7,8,16,22
86000US49822,"49822",178,58,178,58,0,10,0,10,0,10,0,10,0,10,0,10,0,10,0,10
86000US49825,"49825",211,87,211,87,0,10,0,10,0,10,0,10,0,10,0,10,0,10,0,10
86000US49826,"49826",271,125,271,125,0,10,0,10,0,10,0,10,0,10,0,10,0,10,0,10
86000US49827,"49827",1021,162,913,152,0,10,102,64,0,10,0,10,0,10,6,6,0,10,6,6
86000US49829,"49829",16869,310,15706,326,105,43,349,130,107,53,0,16,0,16,602,144,4,7,598,144
86000US49831,"49831",824,133,801,132,0,10,15,29,2,4,0,10,0,10,6,8,0,10,6,8
86000US49833,"49833",178,82,178,82,0,10,0,10,0,10,0,10,0,10,0,10,0,10,0,10
86000US49834,"49834",221,77,211,76,0,10,0,10,0,10,0,10,10,14,0,10,0,10,0,10
86000US49835,"49835",917,92,746,90,2,3,39,18,5,5,0,10,9,6,116,46,0,10,116,46
86000US49836,"49836",855,123,758,120,10,15,50,28,1,2,0,10,0,10,36,21,0,10,36,21
86000US49837,"49837",9349,223,8863,274,9,13,116,73,19,25,0,15,0,15,342,120,106,101,236,68
86000US49838,"49838",453,120,376,84,28,39,25,16,0,10,3,4,0,10,21,19,0,10,21,19
86000US49839,"49839",395,139,371,136,11,23,5,7,2,3,0,10,0,10,6,9,6,9,0,10
86000US49840,"49840",603,98,563,95,0,10,31,15,1,2,0,10,0,10,8,7,0,10,8,7
86000US49841,"49841",7276,283,6692,296,83,75,139,68,55,39,0,15,23,26,284,96,17,19,267,95
86000US49847,"49847",1058,160,989,160,0,10,7,10,4,6,0,10,0,10,58,64,0,10,58,64
86000US49848,"49848",71,23,71,23,0,10,0,10,0,10,0,10,0,10,0,10,0,10,0,10
86000US49849,"49849",12412,251,11798,339,100,69,47,40,100,87,0,16,0,16,367,145,4,6,363,144
86000US49852,"49852",105,33,105,33,0,10,0,10,0,10,0,10,0,10,0,10,0,10,0,10
86000US49853,"49853",1141,133,1096,131,0,10,6,8,0,10,0,10,0,10,39,20,0,10,39,20
86000US49854,"49854",6271,169,5369,153,25,33,505,104,24,16,0,15,9,10,339,96,13,12,326,95
86000US49855,"49855",33006,229,30209,298,888,154,241,118,431,161,30,12,103,67,1104,202,95,42,1009,197
86000US49858,"49858",11647,157,11188,195,44,29,36,25,43,20,0,16,14,23,322,109,9,15,313,105
86000US49861,"49861",518,72,510,72,5,6,1,2,0,10,0,10,0,10,2,3,0,10,2,3
86000US49862,"49862",5163,269,4010,249,682,127,267,117,7,16,0,15,0,15,197,65,6,12,191,64
86000US49863,"49863",146,41,146,41,0,10,0,10,0,10,0,10,0,10,0,10,0,10,0,10
86000US49864,"49864",78,30,78,30,0,10,0,10,0,10,0,10,0,10,0,10,0,10,0,10
86000US49866,"49866",8134,164,7835,204,20,32,75,39,6,9,0,15,7,13,191,94,0,15,191,94
86000US49868,"49868",5293,116,4022,121,429,110,403,109,32,25,8,14,32,27,367,107,48,34,319,100
86000US49870,"49870",3301,124,3145,134,4,5,0,10,31,43,0,10,23,35,98,61,54,47,44,44
86000US49871,"49871",558,137,544,132,0,10,6,9,0,10,0,10,0,10,8,9,0,10,8,9
86000US49872,"49872",166,40,161,38,0,10,5,6,0,10,0,10,0,10,0,10,0,10,0,10
86000US49873,"49873",93,39,93,39,0,10,0,10,0,10,0,10,0,10,0,10,0,10,0,10
86000US49874,"49874",1011,156,987,154,0,10,6,9,0,10,0,10,0,10,18,19,0,10,18,19
86000US49876,"49876",1198,227,1198,227,0,10,0,10,0,10,0,10,0,10,0,10,0,10,0,10
86000US49877,"49877",17,13,17,13,0,10,0,10,0,10,0,10,0,10,0,10,0,10,0,10
86000US49878,"49878",3344,195,3133,200,0,10,78,34,6,6,2,4,28,36,97,57,7,9,90,57
86000US49879,"49879",975,99,962,97,0,10,6,7,0,10,0,10,0,10,7,6,0,10,7,6
86000US49880,"49880",1013,129,948,133,1,3,24,21,6,6,2,4,0,10,32,25,0,10,32,25
86000US49881,"49881",305,91,296,90,0,10,0,10,0,10,0,10,0,10,9,13,9,13,0,10
86000US49883,"49883",118,60,98,45,1,3,5,12,0,10,0,10,0,10,14,22,0,10,14,22
86000US49884,"49884",367,119,306,106,0,10,9,10,0,10,0,10,0,10,52,47,0,10,52,47
86000US49885,"49885",1871,222,1735,214,22,33,17,17,29,26,0,10,0,10,68,47,7,10,61,47
86000US49886,"49886",553,151,550,151,0,10,0,10,3,4,0,10,0,10,0,10,0,10,0,10
86000US49887,"49887",2594,180,2524,169,12,29,1,4,7,6,0,10,6,9,44,25,4,8,40,21
86000US49891,"49891",673,127,647,126,0,10,10,9,0,10,0,10,1,3,15,21,0,10,15,21
86000US49892,"49892",1877,134,1819,133,2,3,19,18,7,9,0,10,8,14,22,21,1,2,21,21
86000US49893,"49893",1399,185,1385,184,1,2,0,10,4,6,0,10,0,10,9,12,7,11,2,5
86000US49894,"49894",750,262,750,262,0,10,0,10,0,10,0,10,0,10,0,10,0,10,0,10
86000US49895,"49895",652,148,621,141,0,10,5,6,0,10,0,10,4,6,22,18,0,10,22,18
86000US49896,"49896",1685,153,1111,122,0,10,449,88,31,25,0,10,2,4,92,33,10,11,82,31
86000US49901,"49901",215,61,215,61,0,10,0,10,0,10,0,10,0,10,0,10,0,10,0,10
86000US49902,"49902",175,70,172,70,0,10,0,10,1,2,0,10,0,10,2,3,0,10,2,3
86000US49903,"49903",79,26,72,23,0,10,0,10,0,10,0,10,0,10,7,10,0,10,7,10
86000US49905,"49905",1986,267,1950,260,2,7,0,10,0,10,0,10,0,10,34,33,0,10,34,33
86000US49908,"49908",3376,93,1869,151,719,195,461,97,26,13,5,7,18,14,278,83,15,14,263,83
86000US49910,"49910",252,54,252,54,0,10,0,10,0,10,0,10,0,10,0,10,0,10,0,10
86000US49911,"49911",2746,246,2661,240,38,32,12,16,19,20,0,10,1,5,15,15,7,12,8,10
86000US49912,"49912",937,104,906,103,1,2,16,10,4,4,0,10,0,10,10,9,0,10,10,9
86000US49913,"49913",6516,209,6182,205,40,28,20,20,13,18,0,15,48,47,213,86,6,9,207,85
86000US49915,"49915",319,86,278,78,6,9,0,10,9,9,0,10,0,10,26,34,25,33,1,6
86000US49916,"49916",3014,280,2964,274,0,10,0,10,12,14,14,15,3,5,21,32,0,10,21,32
86000US49917,"49917",197,53,191,51,0,10,0,10,2,4,0,10,0,10,4,5,0,10,4,5
86000US49918,"49918",102,33,97,33,0,10,0,10,0,10,0,10,0,10,5,6,0,10,5,6
86000US49919,"49919",179,53,167,47,0,10,3,5,0,10,0,10,0,10,9,12,0,10,9,12
86000US49920,"49920",4144,198,4024,199,11,17,14,16,28,16,0,10,15,18,52,36,21,27,31,22
86000US49921,"49921",389,169,383,167,0,10,6,10,0,10,0,10,0,10,0,10,0,10,0,10
86000US49922,"49922",652,155,652,155,0,10,0,10,0,10,0,10,0,10,0,10,0,10,0,10
86000US49925,"49925",510,97,483,95,3,4,0,10,0,10,0,10,3,4,21,16,0,10,21,16
86000US49927,"49927",475,82,453,81,18,29,2,3,1,2,0,10,1,3,0,10,0,10,0,10
86000US49929,"49929",230,79,224,78,0,10,0,10,0,10,6,8,0,10,0,10,0,10,0,10
86000US49930,"49930",7258,251,6875,283,18,16,19,23,95,49,0,15,78,65,173,77,8,9,165,76
86000US49931,"49931",9600,251,8168,272,207,75,44,26,871,106,5,10,83,78,222,105,0,15,222,105
86000US49934,"49934",886,212,874,211,6,12,3,5,0,10,0,10,0,10,3,5,0,10,3,5
86000US49935,"49935",5896,172,5625,177,26,17,167,33,26,15,0,15,7,9,45,36,0,15,45,36
86000US49938,"49938",7483,193,7114,179,170,120,55,44,18,15,10,16,11,21,105,65,21,25,84,56
86000US49942,"49942",368,163,338,154,0,10,30,39,0,10,0,10,0,10,0,10,0,10,0,10
86000US49945,"49945",2537,237,2489,233,3,6,19,25,0,10,0,10,0,10,26,22,0,10,26,22
86000US49946,"49946",3859,106,3168,134,61,34,373,100,8,9,0,10,20,22,229,63,0,10,229,63
86000US49947,"49947",1338,233,886,170,341,92,13,15,3,4,0,10,0,10,95,48,27,22,68,39
86000US49948,"49948",593,113,560,107,11,15,12,10,0,10,0,10,0,10,10,8,0,10,10,8
86000US49950,"49950",1206,108,1149,108,18,11,8,9,4,8,0,10,0,10,27,15,0,10,27,15
86000US49952,"49952",111,63,109,62,0,10,2,4,0,10,0,10,0,10,0,10,0,10,0,10
86000US49953,"49953",2329,141,2244,124,14,14,6,7,0,10,0,10,5,13,60,43,0,10,60,43
86000US49955,"49955",389,126,383,126,0,10,0,10,6,8,0,10,0,10,0,10,0,10,0,10
86000US49958,"49958",740,159,735,159,0,10,0,10,0,10,0,10,2,3,3,5,0,10,3,5
86000US49959,"49959",342,106,320,89,19,42,0,10,0,10,0,10,0,10,3,4,0,10,3,4
86000US49960,"49960",160,52,149,47,0,10,0,10,0,10,0,10,0,10,11,17,0,10,11,17
86000US49961,"49961",109,45,109,45,0,10,0,10,0,10,0,10,0,10,0,10,0,10,0,10
86000US49962,"49962",237,54,216,52,0,10,4,6,0,10,0,10,0,10,17,17,0,10,17,17
86000US49963,"49963",1000,204,922,174,2,3,0,10,0,10,0,10,0,10,76,70,0,10,76,70
86000US49965,"49965",690,285,683,286,0,10,0,10,0,10,0,10,3,4,4,6,4,6,0,10
86000US49967,"49967",458,94,429,95,0,10,13,12,9,12,0,10,0,10,7,8,0,10,7,8
86000US49968,"49968",1942,180,1891,183,6,13,0,10,16,16,0,10,0,10,29,19,0,10,29,19
86000US49969,"49969",1259,138,885,116,8,12,312,60,26,21,2,3,0,10,26,30,0,10,26,30
86000US49970,"49970",292,68,289,67,0,10,0,10,0,10,0,10,0,10,3,4,0,10,3,4
86000US49971,"49971",478,87,455,83,0,10,8,7,13,14,0,10,0,10,2,6,0,10,2,6
86000US54540,"54540",916,155,907,153,0,12,4,5,0,12,0,12,0,12,5,7,1,2,4,7
86000US54554,"54554",1043,132,976,135,10,22,18,18,12,17,0,12,0,12,27,18,0,12,27,18
