,name,Total,"Total, Error",Income Poverty Level,"Income Poverty Level, Error"
0,Michigan,9741628,0.0,14.4,0.1
1,48001,11818,0.9,9.9,2.0
2,48002,3212,1.1,7.7,3.5
3,48003,6047,3.0,9.4,3.2
4,48005,5439,1.7,4.9,2.0
5,48006,4028,4.9,10.7,3.2
6,48009,21184,0.2,5.3,1.4
7,48014,4097,1.8,7.9,2.2
8,48015,7954,2.0,9.7,3.5
9,48017,11764,1.0,7.3,2.1
10,48021,32205,0.5,16.2,2.9
11,48022,2582,0.9,12.1,5.0
12,48023,5094,0.5,7.8,3.0
13,48025,14700,0.6,2.5,0.8
14,48026,14467,0.4,9.9,2.3
15,48027,3194,1.2,5.0,2.6
16,48028,999,9.1,8.5,5.3
17,48030,16443,0.5,22.6,3.6
18,48032,1872,11.1,5.7,1.9
19,48033,16621,4.3,15.4,3.9
20,48034,13846,4.7,10.8,2.7
21,48035,35317,2.5,13.8,2.5
22,48036,21122,3.7,15.7,3.5
23,48038,43253,2.3,7.9,2.1
24,48039,7559,0.4,11.2,3.4
25,48040,9639,0.6,8.2,2.4
26,48041,4503,5.0,6.4,2.4
27,48042,31441,2.4,5.3,2.0
28,48043,14857,1.4,20.1,3.6
29,48044,57602,1.3,3.8,1.0
30,48045,24865,0.5,9.0,1.5
31,48047,40321,2.1,4.6,1.0
32,48048,7922,3.1,9.4,3.8
33,48049,5441,0.5,3.6,1.6
34,48050,1416,16.7,3.3,2.7
35,48051,17102,4.4,7.3,2.5
36,48054,7012,1.6,8.2,2.7
37,48059,14634,1.0,13.9,3.6
38,48060,38525,0.6,22.7,2.0
39,48062,9411,1.9,13.8,5.5
40,48063,3993,0.7,4.0,2.4
41,48064,4036,0.7,7.6,2.8
42,48065,11002,2.7,5.9,1.8
43,48066,47191,0.4,15.7,1.8
44,48067,24510,1.9,6.1,1.1
45,48069,2426,4.9,3.9,2.2
46,48070,6322,0.4,2.1,1.4
47,48071,29964,0.4,13.6,2.3
48,48072,15323,0.3,4.0,1.5
49,48073,34420,1.4,7.0,1.4
50,48074,9133,0.6,15.7,6.2
51,48075,21024,2.7,9.8,1.8
52,48076,24543,3.9,9.8,2.8
53,48079,12142,0.4,6.4,2.0
54,48080,22431,2.1,9.1,2.0
55,48081,20448,2.1,6.4,1.6
56,48082,16184,1.9,7.1,1.7
57,48083,22527,2.7,8.3,1.4
58,48084,15723,3.8,5.3,1.6
59,48085,26304,2.1,3.0,1.2
60,48088,22138,3.3,9.0,2.0
61,48089,30797,3.3,23.8,3.3
62,48091,29667,3.3,27.7,3.6
63,48092,26737,2.4,12.0,2.0
64,48093,24192,3.5,10.9,2.4
65,48094,19860,2.3,4.8,1.9
66,48095,5765,5.9,2.8,2.4
67,48096,4010,0.5,8.1,4.2
68,48097,5145,3.8,14.1,2.6
69,48098,19209,2.9,3.9,1.5
70,48101,26914,0.7,7.7,2.0
71,48103,54821,2.0,7.0,1.0
72,48104,40120,2.6,35.0,2.6
73,48105,33312,3.2,17.6,1.9
74,48108,26262,2.8,11.3,1.8
75,48109,26,73.1,73.1,69.2
76,48111,40681,1.3,10.8,2.0
77,48114,21150,2.7,3.7,0.9
78,48116,27106,2.4,5.2,1.2
79,48117,9995,3.2,7.4,2.6
80,48118,12479,3.6,2.9,1.1
81,48120,7050,6.5,35.0,7.4
82,48122,10337,0.4,23.6,7.1
83,48124,28359,3.2,12.0,2.3
84,48125,19777,2.5,18.0,4.1
85,48126,48412,2.0,40.3,3.4
86,48127,35519,1.4,19.0,2.6
87,48128,10468,3.9,11.3,4.8
88,48130,15741,3.7,4.7,3.0
89,48131,7060,3.7,7.2,3.9
90,48133,5212,6.6,11.1,4.8
91,48134,21908,3.1,10.7,3.3
92,48135,26597,0.3,9.7,1.6
93,48137,5231,8.7,3.9,2.2
94,48138,10159,0.5,2.5,1.0
95,48139,135,60.0,0.0,7.4
96,48140,3225,8.9,4.8,2.6
97,48141,24282,0.5,33.5,3.6
98,48143,0,inf,,inf
99,48144,9445,4.7,7.9,4.8
100,48145,3334,6.6,4.9,2.8
101,48146,36561,0.3,20.4,2.9
102,48150,25666,1.8,5.9,1.2
103,48152,30849,1.4,6.4,1.3
104,48154,36432,1.4,4.6,0.8
105,48157,1183,11.2,27.6,8.8
106,48158,7547,3.6,5.9,2.3
107,48159,2615,10.2,4.6,2.0
108,48160,12232,4.0,4.2,1.2
109,48161,25853,1.9,17.0,2.1
110,48162,27087,2.5,12.9,2.4
111,48164,8713,7.7,4.1,4.1
112,48165,7462,7.2,6.6,2.6
113,48166,11751,5.0,19.3,5.5
114,48167,22347,3.8,4.9,1.4
115,48168,22825,3.1,1.6,0.7
116,48169,21767,2.7,5.0,1.4
117,48170,39307,1.1,4.7,0.9
118,48173,12351,3.9,7.8,3.0
119,48174,31324,2.7,16.2,2.9
120,48176,23439,2.9,5.3,2.3
121,48177,229,67.7,0.0,4.4
122,48178,35315,2.1,3.5,0.7
123,48179,3676,11.4,10.3,6.1
124,48180,60488,0.4,16.6,1.7
125,48182,22269,2.8,6.2,1.9
126,48183,41758,1.3,7.6,1.2
127,48184,17044,2.5,21.8,2.6
128,48185,47226,1.7,15.1,2.3
129,48186,33881,2.4,13.4,2.1
130,48187,49818,1.5,6.6,1.1
131,48188,41838,1.8,5.8,1.3
132,48189,13646,4.3,8.1,2.7
133,48190,226,93.8,0.0,4.4
134,48191,4419,8.1,5.4,4.0
135,48192,24951,0.3,13.5,2.1
136,48193,15208,2.9,11.4,3.3
137,48195,29058,0.3,10.4,2.5
138,48197,63230,1.5,14.8,1.3
139,48198,38081,1.9,21.4,3.0
140,48201,14896,5.9,50.8,5.3
141,48202,14282,5.2,36.8,4.6
142,48203,22711,4.2,39.4,3.4
143,48204,23793,6.2,42.0,5.4
144,48205,33108,4.3,25.8,3.1
145,48206,15850,7.3,39.4,4.8
146,48207,20439,4.6,33.6,3.8
147,48208,8904,7.8,48.8,7.1
148,48209,31571,4.8,43.1,5.0
149,48210,29873,4.2,41.1,4.3
150,48211,5551,11.2,45.2,9.5
151,48212,36777,2.6,46.1,3.3
152,48213,21811,5.8,39.4,4.8
153,48214,21055,5.3,32.3,4.1
154,48215,11633,6.6,40.2,6.5
155,48216,5297,10.3,33.1,6.7
156,48217,6678,10.6,37.1,10.8
157,48218,7502,0.4,42.2,6.9
158,48219,47071,3.6,29.9,3.2
159,48220,22422,0.9,10.6,1.7
160,48221,40504,4.1,20.7,2.7
161,48223,25639,5.2,29.1,3.8
162,48224,40946,4.6,34.4,3.9
163,48225,13957,2.0,18.8,3.7
164,48226,5948,7.2,17.7,3.9
165,48227,41156,4.2,34.3,3.4
166,48228,55682,3.6,39.0,3.6
167,48229,9404,1.0,33.3,4.7
168,48230,16349,0.2,4.8,2.0
169,48233,0,inf,,inf
170,48234,34105,3.8,34.2,2.9
171,48235,45722,4.0,31.2,3.3
172,48236,29349,1.7,5.2,1.4
173,48237,29677,0.3,14.3,2.7
174,48238,24961,5.7,39.1,4.7
175,48239,36093,2.2,18.1,2.9
176,48240,16772,3.5,15.1,3.4
177,48242,0,inf,,inf
178,48243,0,inf,,inf
179,48301,14796,3.6,3.1,1.1
180,48302,15964,3.6,4.8,1.7
181,48304,15859,3.0,3.9,1.4
182,48306,27221,2.6,1.5,0.6
183,48307,43201,1.5,6.8,1.3
184,48309,28002,1.8,4.5,1.5
185,48310,43334,2.0,13.8,1.9
186,48312,34547,2.4,9.6,2.2
187,48313,33220,2.2,9.6,1.9
188,48314,20560,2.6,9.8,2.1
189,48315,27401,2.3,4.7,1.3
190,48316,27818,2.6,6.3,1.7
191,48317,28529,2.5,8.1,1.9
192,48320,4919,2.6,10.5,6.3
193,48322,32256,2.0,5.6,1.4
194,48323,17029,4.2,4.9,2.0
195,48324,17743,4.1,4.1,1.2
196,48326,22265,0.8,11.9,2.1
197,48327,21893,3.0,10.1,2.0
198,48328,26059,2.7,13.1,2.0
199,48329,24255,3.0,6.9,1.6
200,48331,21353,3.1,4.8,2.1
201,48334,19034,4.1,6.8,1.3
202,48335,22899,3.2,6.5,1.8
203,48336,25551,3.7,9.7,2.0
204,48340,25330,4.7,31.3,5.5
205,48341,16382,5.9,24.8,4.0
206,48342,16645,6.7,35.7,5.4
207,48346,23666,2.2,7.8,2.4
208,48348,24541,2.8,4.3,1.6
209,48350,7226,6.7,7.9,3.8
210,48353,6689,5.7,7.4,3.7
211,48356,8694,3.5,4.2,1.5
212,48357,8347,4.6,6.4,2.6
213,48359,9695,5.0,8.1,2.3
214,48360,12762,4.1,2.2,0.9
215,48362,15654,3.2,4.7,1.3
216,48363,7026,5.5,3.4,1.9
217,48367,4697,4.8,8.3,5.9
218,48370,1901,11.8,5.8,4.3
219,48371,25407,1.8,5.1,1.5
220,48374,16589,3.1,6.0,3.4
221,48375,21844,2.9,2.8,1.3
222,48377,16628,3.3,3.6,1.0
223,48380,7338,6.2,2.5,1.2
224,48381,13407,2.1,7.3,2.6
225,48382,23471,2.4,3.8,1.2
226,48383,12935,3.2,8.6,2.7
227,48386,18341,2.2,5.0,1.4
228,48390,23803,2.0,6.6,1.5
229,48393,17042,1.9,10.4,2.9
230,48397,0,inf,,inf
231,48401,1444,15.7,18.5,11.2
232,48411,123,138.2,0.0,8.1
233,48412,5000,8.0,5.1,2.2
234,48413,6929,3.2,14.0,2.4
235,48414,2608,10.0,7.1,3.1
236,48415,9069,4.9,6.6,2.1
237,48416,5130,5.4,14.7,4.2
238,48417,2661,13.8,12.4,5.8
239,48418,3883,10.0,4.0,2.3
240,48419,2267,9.6,12.5,4.0
241,48420,21146,2.1,12.0,2.0
242,48421,6237,7.6,7.4,2.2
243,48422,6551,6.0,11.6,3.3
244,48423,31710,0.8,11.5,2.5
245,48426,962,10.8,15.2,5.0
246,48427,2667,6.7,16.0,3.1
247,48428,5223,4.7,6.5,2.6
248,48429,8764,3.9,13.5,4.0
249,48430,35617,1.8,6.9,1.6
250,48432,598,14.5,10.0,3.8
251,48433,24744,2.3,9.0,2.2
252,48434,89,39.3,0.0,11.2
253,48435,1938,17.1,18.1,6.8
254,48436,3795,8.6,9.2,3.8
255,48437,783,31.0,11.5,14.3
256,48438,6769,6.2,4.2,2.5
257,48439,48375,1.8,7.0,1.3
258,48440,89,84.3,5.6,10.1
259,48441,4004,4.5,12.7,2.5
260,48442,21116,2.2,11.6,3.1
261,48444,9701,3.5,14.9,3.4
262,48445,1227,10.9,24.6,8.9
263,48446,29372,1.7,11.6,1.8
264,48449,2853,8.1,9.4,3.3
265,48450,4489,7.2,16.2,5.1
266,48451,14736,3.9,6.4,2.0
267,48453,5096,5.8,24.5,5.5
268,48454,1178,11.6,13.0,6.7
269,48455,7914,6.5,5.2,1.5
270,48456,762,15.4,7.9,3.4
271,48457,8021,4.4,14.1,3.5
272,48458,18363,3.6,24.3,3.3
273,48460,2353,7.9,7.1,3.4
274,48461,8217,5.7,10.0,3.6
275,48462,13785,4.0,5.2,1.6
276,48463,4427,5.2,9.9,2.9
277,48464,2148,11.0,10.8,4.6
278,48465,702,15.5,17.0,7.0
279,48466,1464,11.3,9.6,3.3
280,48467,2122,7.2,8.9,2.9
281,48468,1088,7.7,14.8,5.1
282,48469,1209,11.3,11.9,4.7
283,48470,743,14.9,7.9,4.3
284,48471,5067,5.0,14.8,2.7
285,48472,1726,8.6,12.4,5.3
286,48473,22022,3.2,5.0,1.2
287,48475,2510,6.5,11.4,3.3
288,48476,471,33.1,4.2,7.9
289,48502,401,42.1,53.6,31.9
290,48503,25804,5.4,35.3,4.7
291,48504,26163,4.9,35.6,4.6
292,48505,20286,5.2,41.8,4.1
293,48506,28752,3.1,31.2,3.3
294,48507,30484,4.7,28.9,4.4
295,48509,9322,6.1,10.4,2.8
296,48519,6921,9.5,11.5,3.6
297,48529,9249,6.8,39.4,8.2
298,48532,19963,4.3,19.7,4.5
299,48551,0,inf,,inf
300,48553,0,inf,,inf
301,48554,0,inf,,inf
302,48601,34315,2.5,34.3,2.8
303,48602,29282,2.7,29.9,3.1
304,48603,26085,2.3,10.8,2.0
305,48604,10152,4.4,24.9,5.5
306,48607,1519,24.6,33.2,13.2
307,48609,12194,2.8,6.9,2.0
308,48610,2744,8.5,15.7,4.0
309,48611,6590,8.5,5.5,1.9
310,48612,8726,3.7,17.1,2.5
311,48613,978,13.1,19.2,7.8
312,48614,1425,11.5,20.8,7.9
313,48615,2726,7.9,15.3,4.2
314,48616,7261,3.6,10.8,2.2
315,48617,9070,4.0,18.0,3.7
316,48618,4986,6.1,15.2,3.5
317,48619,549,17.3,11.3,6.7
318,48621,1073,13.6,16.7,7.6
319,48622,5762,6.8,13.3,3.3
320,48623,12075,3.5,3.9,1.6
321,48624,15551,2.3,17.9,2.2
322,48625,12921,3.0,25.6,3.2
323,48626,5817,4.0,4.8,2.0
324,48627,131,59.5,26.0,36.6
325,48628,2281,12.5,10.0,4.5
326,48629,7460,3.7,18.4,3.7
327,48630,42,150.0,0.0,23.8
328,48631,4121,8.7,6.8,4.4
329,48632,5282,8.2,27.6,5.5
330,48633,107,45.8,14.0,11.2
331,48634,4278,8.3,9.3,3.9
332,48635,1500,12.0,11.9,3.2
333,48636,782,20.5,7.2,5.0
334,48637,3116,7.0,11.0,3.7
335,48638,11681,4.8,11.0,2.8
336,48640,31553,2.0,11.9,1.9
337,48642,32702,2.4,8.5,1.7
338,48647,4374,5.8,16.3,3.4
339,48649,1253,11.4,12.7,6.7
340,48650,6951,4.8,8.4,2.0
341,48651,4692,3.4,14.6,4.2
342,48652,1644,11.3,7.2,3.2
343,48653,9876,3.4,13.8,2.6
344,48654,2102,9.0,17.8,3.9
345,48655,5651,4.3,11.3,3.0
346,48656,3833,1.7,21.7,4.8
347,48657,7871,2.4,11.2,3.6
348,48658,4832,4.8,20.3,3.2
349,48659,2661,7.4,16.3,4.9
350,48661,10198,2.8,15.3,2.8
351,48662,1645,11.2,17.9,7.3
352,48667,0,inf,,inf
353,48701,1378,12.4,17.4,7.0
354,48703,2931,5.8,17.1,3.4
355,48705,509,16.5,20.4,10.0
356,48706,39055,1.7,16.9,3.1
357,48708,25431,2.7,22.4,3.0
358,48710,0,inf,,inf
359,48720,1031,11.4,23.1,10.4
360,48721,472,24.4,16.5,11.2
361,48722,3041,12.8,8.9,3.3
362,48723,11599,3.4,16.0,3.1
363,48724,544,53.1,41.7,50.4
364,48725,2061,10.6,11.0,3.7
365,48726,5694,4.1,13.4,3.1
366,48727,1120,13.9,17.1,5.5
367,48728,252,18.7,21.0,8.3
368,48729,1471,10.8,10.8,4.8
369,48730,4524,4.0,13.6,3.7
370,48731,1531,7.6,9.8,2.2
371,48732,10949,3.3,16.0,3.8
372,48733,1577,9.2,7.9,2.2
373,48734,7402,4.0,4.1,2.1
374,48735,1046,14.9,18.3,10.0
375,48737,1205,8.9,21.2,7.0
376,48738,1081,10.9,17.6,6.4
377,48739,4007,5.1,14.6,3.4
378,48740,2350,7.1,17.5,3.7
379,48741,1893,10.7,18.7,5.7
380,48742,1586,9.9,14.2,4.0
381,48743,90,77.8,71.1,81.1
382,48744,4052,8.0,14.9,5.3
383,48745,1264,10.3,17.5,6.0
384,48746,7878,5.0,11.7,4.0
385,48747,1288,10.7,4.1,2.6
386,48748,1658,10.7,19.6,8.4
387,48749,1103,13.3,9.2,2.9
388,48750,8573,2.7,15.6,3.4
389,48754,958,13.9,13.2,6.5
390,48755,2968,5.8,9.1,2.8
391,48756,4552,5.8,22.5,7.0
392,48757,3735,4.7,10.1,3.7
393,48759,3181,4.7,11.9,3.9
394,48760,1417,14.7,10.9,5.2
395,48761,838,20.9,15.4,8.9
396,48762,1097,11.5,20.3,6.9
397,48763,4670,4.8,12.2,2.6
398,48765,703,12.2,19.1,7.3
399,48766,1249,10.9,18.4,5.1
400,48767,2046,6.6,8.5,3.0
401,48768,9450,5.0,16.6,4.2
402,48770,1768,8.1,21.2,3.8
403,48801,11077,3.1,20.7,3.6
404,48806,1464,7.0,16.8,3.6
405,48807,826,13.2,12.6,6.9
406,48808,5930,8.7,6.5,3.0
407,48809,10608,4.0,14.3,2.8
408,48811,3220,9.2,12.1,4.3
409,48813,20479,1.4,11.1,2.1
410,48815,2406,14.9,8.7,8.4
411,48816,31,103.2,0.0,32.3
412,48817,5766,4.9,10.9,3.3
413,48818,2372,8.9,22.0,10.5
414,48819,2738,5.9,7.5,3.3
415,48820,18028,2.9,3.6,1.1
416,48821,5720,5.5,3.4,1.9
417,48822,2888,8.0,4.3,2.2
418,48823,47784,1.9,34.6,2.0
419,48825,0,inf,,inf
420,48827,16033,2.1,8.9,2.1
421,48829,3341,7.0,21.9,6.5
422,48831,3445,6.9,14.5,3.8
423,48832,1465,14.0,11.6,6.1
424,48834,2248,12.1,9.7,3.1
425,48835,3109,9.2,6.0,3.7
426,48836,13917,2.7,7.2,1.9
427,48837,19592,2.6,7.9,2.4
428,48838,18184,3.1,15.5,4.1
429,48840,12621,4.2,9.6,3.1
430,48841,723,13.0,4.7,3.0
431,48842,21877,2.9,11.6,3.0
432,48843,44707,1.5,5.2,0.9
433,48845,900,15.4,21.8,10.0
434,48846,16863,3.5,16.7,3.3
435,48847,5757,4.3,16.8,3.9
436,48848,7386,5.7,6.6,2.4
437,48849,5924,5.1,7.4,2.3
438,48850,4582,8.0,14.2,4.3
439,48851,2138,14.9,10.1,6.5
440,48852,189,37.6,45.0,27.0
441,48853,542,15.7,14.9,10.3
442,48854,19172,2.7,7.6,1.9
443,48855,15596,3.5,5.0,1.4
444,48856,801,17.6,16.1,10.9
445,48857,3192,13.8,5.3,2.6
446,48858,44171,1.1,31.7,1.5
447,48860,1749,14.0,15.4,5.8
448,48861,1373,10.6,9.5,3.0
449,48864,23141,2.8,10.8,1.7
450,48865,2158,11.2,26.7,9.7
451,48866,4828,5.0,7.8,2.4
452,48867,26808,1.3,12.3,1.7
453,48870,184,41.3,8.2,5.4
454,48871,2046,10.9,13.0,6.2
455,48872,6724,8.4,6.3,2.8
456,48873,1483,22.1,4.5,2.8
457,48874,188,83.0,13.8,10.1
458,48875,10432,3.5,4.6,1.7
459,48876,4102,5.9,10.3,3.3
460,48877,2459,10.2,16.7,5.0
461,48878,1371,12.1,12.3,6.5
462,48879,17519,2.6,8.2,2.0
463,48880,6116,6.1,12.1,3.0
464,48881,5558,8.5,6.6,1.9
465,48883,6800,4.3,9.6,2.1
466,48884,4413,6.5,13.5,3.6
467,48885,972,15.1,5.8,4.0
468,48886,1930,13.2,15.5,5.8
469,48888,5909,6.1,12.0,2.6
470,48889,1287,11.3,14.4,5.5
471,48890,2033,9.1,5.4,2.2
472,48891,2798,8.8,13.5,6.2
473,48892,4724,6.1,8.8,4.1
474,48893,5241,5.9,12.3,3.9
475,48894,1938,11.1,2.7,1.9
476,48895,11420,2.7,4.1,1.6
477,48896,300,60.0,72.7,58.7
478,48897,1845,16.0,7.5,2.9
479,48906,26196,4.0,22.0,3.5
480,48910,34835,3.3,22.7,2.8
481,48911,40629,3.0,21.3,2.5
482,48912,17305,4.9,24.2,3.7
483,48915,10519,8.5,24.5,8.2
484,48917,31682,2.1,9.8,1.9
485,48921,0,inf,,inf
486,48933,2636,28.6,39.9,27.7
487,49001,20961,4.4,15.3,3.5
488,49002,20510,3.6,8.7,2.4
489,49004,16279,4.6,13.9,2.9
490,49006,24556,4.9,36.4,4.0
491,49007,9996,9.6,36.5,6.3
492,49008,15548,5.5,19.4,3.8
493,49009,44869,1.9,10.6,1.6
494,49010,17565,3.4,10.4,2.2
495,49011,2269,4.8,10.2,3.7
496,49012,3276,9.1,13.1,5.3
497,49013,5256,7.7,20.1,4.5
498,49014,20682,3.2,15.2,2.5
499,49015,27324,2.6,15.4,2.8
500,49017,20937,4.0,14.6,2.6
501,49021,6364,3.9,9.3,2.4
502,49022,30927,1.5,32.6,3.1
503,49024,29150,2.2,8.6,1.8
504,49026,2310,25.2,11.3,7.6
505,49027,215,43.7,40.5,31.6
506,49028,6166,5.8,15.4,3.2
507,49029,1589,16.2,9.9,5.9
508,49030,2392,8.9,11.4,4.5
509,49031,7471,6.1,15.6,4.4
510,49032,3035,10.0,5.4,1.9
511,49033,1690,14.5,5.6,3.6
512,49034,2545,6.5,8.5,4.6
513,49036,21278,2.8,13.5,2.2
514,49037,20115,4.0,25.6,3.7
515,49038,9108,6.0,15.8,4.2
516,49040,3229,6.5,13.4,7.0
517,49042,4705,3.8,12.3,3.4
518,49043,2099,12.9,32.4,11.9
519,49045,5289,6.9,20.0,6.4
520,49046,7846,7.4,6.1,3.5
521,49047,14620,3.7,16.6,2.6
522,49048,25020,3.3,19.2,3.6
523,49050,1562,16.6,3.4,3.0
524,49051,2762,10.1,11.7,6.7
525,49052,857,12.8,17.7,6.9
526,49053,7499,6.3,9.3,2.5
527,49055,6253,7.2,10.4,3.0
528,49056,3372,18.4,18.4,6.3
529,49057,6415,5.0,24.3,6.7
530,49058,18731,2.2,7.6,2.1
531,49060,1884,20.4,3.3,5.1
532,49061,1600,17.4,8.1,4.7
533,49064,3818,5.0,13.5,4.1
534,49065,6282,6.4,9.2,2.9
535,49066,546,19.4,6.2,4.9
536,49067,4423,6.6,13.7,3.8
537,49068,14529,2.8,10.0,2.1
538,49070,2456,8.6,13.8,6.1
539,49071,10108,6.9,8.3,2.9
540,49072,2942,8.2,8.1,4.0
541,49073,4748,6.1,16.0,4.9
542,49074,156,92.9,17.9,39.1
543,49075,136,89.7,58.1,92.6
544,49076,4005,7.5,11.1,4.0
545,49078,9316,4.3,10.7,3.2
546,49079,13021,3.7,11.1,3.1
547,49080,15708,4.1,11.5,2.7
548,49082,5941,5.5,11.8,3.0
549,49083,7894,6.5,3.9,2.3
550,49084,39,164.1,100.0,164.1
551,49085,23407,2.3,4.4,1.0
552,49087,6354,7.7,2.9,1.5
553,49088,3794,13.5,5.2,2.6
554,49089,1851,17.6,28.2,14.4
555,49090,14127,2.5,14.9,4.9
556,49091,19369,2.1,19.0,3.3
557,49092,1905,9.4,20.2,5.5
558,49093,18027,1.8,13.3,2.3
559,49094,4004,5.2,18.4,5.4
560,49095,2215,13.8,11.8,6.0
561,49096,3412,7.5,16.9,6.5
562,49097,11072,3.1,6.3,2.0
563,49098,5748,7.4,20.1,5.6
564,49099,5695,5.8,17.9,5.3
565,49101,2821,7.4,8.8,4.2
566,49102,1591,18.1,20.2,18.4
567,49103,9301,3.8,19.5,4.3
568,49104,0,inf,,inf
569,49106,4814,9.1,5.6,2.2
570,49107,10378,3.3,9.3,3.0
571,49111,3620,7.8,12.2,4.3
572,49112,9889,3.1,7.4,2.6
573,49113,1731,7.3,10.0,4.0
574,49115,458,42.6,0.0,2.2
575,49116,256,42.6,0.0,3.9
576,49117,3753,7.8,9.9,2.2
577,49119,66,43.9,12.1,16.7
578,49120,35993,1.1,14.8,2.0
579,49125,2243,12.6,8.9,5.6
580,49126,1223,15.6,14.8,6.9
581,49127,10677,4.7,6.5,1.9
582,49128,3390,7.8,17.5,6.7
583,49129,509,30.3,0.0,2.0
584,49130,1474,22.0,3.0,2.0
585,49201,37502,3.8,13.5,2.3
586,49202,18922,4.9,21.5,3.3
587,49203,38281,3.3,19.0,2.3
588,49220,2413,11.4,12.0,4.6
589,49221,35692,1.9,15.6,2.5
590,49224,12377,3.4,21.5,3.4
591,49227,1114,11.0,18.0,6.6
592,49228,5280,3.5,9.4,2.6
593,49229,3394,11.3,4.5,1.9
594,49230,10251,3.5,8.0,1.9
595,49232,2716,11.6,25.8,12.1
596,49233,2375,13.5,4.3,1.8
597,49234,2631,13.1,4.3,3.5
598,49235,2086,13.6,8.6,4.3
599,49236,4696,4.3,4.6,2.1
600,49237,3008,6.6,8.8,4.7
601,49238,1796,11.3,13.7,7.0
602,49240,9675,5.0,2.8,0.9
603,49241,2768,11.7,12.0,6.0
604,49242,13384,2.9,20.0,3.1
605,49245,4677,3.9,13.0,3.9
606,49246,3101,11.9,4.9,5.1
607,49247,5650,6.9,9.9,3.0
608,49248,812,17.9,10.2,5.7
609,49249,3616,8.5,8.9,4.5
610,49250,6135,4.2,15.4,2.9
611,49251,6231,5.1,12.6,3.3
612,49252,2372,6.2,16.2,3.4
613,49253,2771,12.4,8.3,4.0
614,49254,3069,14.7,5.5,3.9
615,49255,2596,14.6,36.5,14.3
616,49256,3695,8.2,18.9,7.2
617,49259,2116,13.9,14.1,8.6
618,49261,269,65.8,36.1,46.1
619,49262,1238,15.4,16.3,5.3
620,49263,65,76.9,0.0,15.4
621,49264,2065,10.8,10.8,7.2
622,49265,5089,5.6,6.1,3.2
623,49266,3268,8.5,10.1,5.0
624,49267,3967,5.0,4.6,2.3
625,49268,1145,13.1,12.5,8.2
626,49269,6125,10.4,9.0,4.1
627,49270,5700,6.4,10.3,3.6
628,49271,1863,14.8,12.3,5.9
629,49272,2311,11.5,7.1,5.6
630,49274,3337,9.9,16.9,7.9
631,49276,851,19.4,10.5,7.5
632,49277,3290,10.1,7.6,4.2
633,49279,845,21.7,16.0,9.6
634,49282,244,45.5,3.7,5.3
635,49283,2690,15.1,6.2,4.2
636,49284,2988,7.9,13.9,4.3
637,49285,5708,5.4,9.1,3.0
638,49286,14560,4.3,6.8,1.7
639,49287,2009,12.8,5.1,3.2
640,49288,1484,12.7,22.2,9.2
641,49289,127,47.2,4.7,7.1
642,49301,20293,3.3,2.6,1.0
643,49302,8701,5.7,2.1,1.1
644,49303,1019,20.4,14.5,15.6
645,49304,3602,7.1,24.4,3.6
646,49305,2134,8.9,15.1,3.7
647,49306,10627,8.3,8.1,3.7
648,49307,17680,2.3,30.3,3.2
649,49309,1501,9.1,23.5,5.1
650,49310,3233,12.2,18.8,6.2
651,49312,293,24.9,24.6,19.1
652,49315,23148,2.3,3.3,1.3
653,49316,23192,4.4,5.6,2.5
654,49318,1502,14.0,8.2,4.2
655,49319,16623,4.9,7.0,2.5
656,49320,22,90.9,0.0,45.5
657,49321,17056,3.0,10.7,3.2
658,49322,1513,19.0,19.6,9.1
659,49323,10279,5.2,5.6,3.6
660,49325,2037,14.1,8.9,5.2
661,49326,4261,12.1,10.8,5.4
662,49327,8436,4.4,13.8,3.2
663,49328,4276,5.9,8.4,2.6
664,49329,8643,5.1,10.3,3.4
665,49330,5543,5.0,12.1,4.0
666,49331,17859,2.5,7.0,2.4
667,49332,3251,10.5,10.2,3.0
668,49333,11509,4.0,5.4,1.7
669,49335,224,99.6,0.0,4.5
670,49336,4144,7.6,15.9,4.2
671,49337,11988,3.9,16.8,3.2
672,49338,1747,13.5,17.6,10.1
673,49339,2156,11.3,7.1,3.4
674,49340,2770,8.8,18.3,5.5
675,49341,37432,3.3,4.4,1.1
676,49342,1816,12.0,14.4,5.9
677,49343,5535,12.4,11.7,5.2
678,49344,3230,10.6,10.3,5.0
679,49345,15104,6.2,9.8,3.0
680,49346,5301,8.7,8.4,2.2
681,49347,1169,18.2,10.4,6.3
682,49348,12378,4.4,6.7,2.1
683,49349,7565,4.3,18.9,3.1
684,49401,20327,2.8,35.0,4.0
685,49402,1269,12.5,15.0,5.1
686,49403,2713,8.0,2.0,1.2
687,49404,8517,4.4,7.0,2.3
688,49405,1563,10.9,13.2,5.1
689,49406,710,26.8,7.2,7.0
690,49408,9614,5.2,12.2,2.4
691,49410,1903,12.1,23.3,9.0
692,49411,1422,8.2,12.4,4.2
693,49412,11150,3.4,17.9,4.9
694,49415,6879,7.4,4.8,1.8
695,49417,31037,1.1,6.0,1.2
696,49418,28231,3.1,6.0,1.8
697,49419,8583,5.4,6.9,2.2
698,49420,6144,5.6,16.4,3.9
699,49421,5884,6.7,20.0,4.2
700,49423,41484,1.2,10.8,1.7
701,49424,48456,1.5,9.0,2.0
702,49425,3787,10.9,22.9,6.6
703,49426,37398,2.2,3.6,1.0
704,49428,27430,2.4,5.1,1.4
705,49431,16938,1.8,13.6,2.3
706,49434,6,150.0,0.0,166.7
707,49435,3885,13.1,5.9,3.6
708,49436,1581,10.3,13.4,7.1
709,49437,6841,5.0,9.9,2.2
710,49440,807,19.6,27.6,10.9
711,49441,34990,2.4,13.0,2.2
712,49442,39182,2.3,22.5,2.6
713,49444,26061,2.5,23.4,3.1
714,49445,21506,2.9,6.8,1.9
715,49446,2459,13.0,10.6,4.2
716,49448,4100,9.2,8.1,2.9
717,49449,2656,8.2,9.5,2.9
718,49450,3283,13.6,37.9,16.1
719,49451,6003,5.1,11.0,3.9
720,49452,2075,11.9,14.6,5.2
721,49453,2400,13.3,12.3,4.6
722,49454,4789,7.0,19.0,4.8
723,49455,4796,5.2,15.4,5.0
724,49456,19276,1.6,5.6,1.3
725,49457,10103,6.0,12.6,3.3
726,49458,80,48.8,12.5,13.8
727,49459,1494,14.3,20.8,10.6
728,49460,8610,5.4,6.9,3.0
729,49461,8947,4.8,7.7,2.0
730,49464,28804,3.4,4.1,1.5
731,49503,36021,3.3,24.7,2.8
732,49504,38864,2.4,18.8,2.2
733,49505,31464,3.0,14.5,2.3
734,49506,33484,3.3,8.6,1.7
735,49507,38835,3.4,29.8,4.0
736,49508,39241,2.8,10.4,2.2
737,49509,27976,3.4,15.7,3.5
738,49512,17528,4.5,8.7,3.8
739,49519,28562,3.5,9.4,2.1
740,49525,29261,1.9,8.1,2.1
741,49534,21803,3.7,6.2,1.3
742,49544,10169,7.0,12.0,4.3
743,49546,31907,2.5,9.2,1.8
744,49548,33474,2.3,15.6,2.5
745,49601,21514,1.7,13.7,2.0
746,49611,285,44.2,20.7,18.6
747,49612,1327,14.5,14.8,9.5
748,49613,677,14.3,8.0,3.1
749,49614,2933,8.1,14.6,4.4
750,49615,3740,6.4,8.0,1.7
751,49616,2178,8.9,12.5,3.9
752,49617,2998,9.1,6.2,2.2
753,49618,764,16.0,9.9,5.4
754,49619,1031,15.6,14.5,8.3
755,49620,2523,8.0,7.7,2.7
756,49621,3885,9.0,7.2,2.1
757,49622,2474,8.1,12.6,4.1
758,49623,1226,13.7,19.8,7.4
759,49625,1103,11.0,12.1,4.0
760,49626,364,21.4,19.2,11.8
761,49627,219,51.1,14.6,20.1
762,49628,165,46.1,10.3,9.1
763,49629,2042,7.7,12.8,5.0
764,49630,1474,8.1,6.3,2.6
765,49631,6137,5.4,19.8,3.4
766,49632,1043,14.4,19.0,7.6
767,49633,3709,6.9,11.3,2.5
768,49634,57,78.9,0.0,17.5
769,49635,3316,7.7,11.8,3.8
770,49636,422,18.0,16.6,6.9
771,49637,3343,16.2,12.7,7.5
772,49638,849,13.4,14.6,6.2
773,49639,2206,12.5,16.4,7.9
774,49640,1598,12.3,10.1,3.7
775,49642,771,19.8,40.1,13.5
776,49643,6908,7.3,6.1,2.0
777,49644,2152,7.2,18.5,3.3
778,49645,1603,12.4,19.0,5.6
779,49646,8157,4.0,16.7,3.1
780,49648,2239,10.6,7.5,3.3
781,49649,6627,4.9,8.3,2.7
782,49650,3295,5.1,9.7,7.4
783,49651,7770,3.4,16.8,2.5
784,49653,1954,12.6,3.3,2.0
785,49654,424,27.1,9.2,8.5
786,49655,3507,7.3,15.4,3.6
787,49656,1648,9.3,18.0,4.9
788,49657,3607,6.9,9.4,3.6
789,49659,6769,3.6,16.2,4.0
790,49660,12915,2.5,9.5,1.9
791,49663,6122,5.4,14.3,2.6
792,49664,1824,9.6,5.9,2.3
793,49665,4134,4.7,20.4,2.7
794,49666,245,97.1,0.0,4.1
795,49667,514,16.0,19.5,8.8
796,49668,3379,6.6,18.8,4.8
797,49670,1963,8.9,9.6,4.6
798,49674,53,96.2,11.3,13.2
799,49675,993,14.2,3.9,2.7
800,49676,3675,6.6,17.3,5.0
801,49677,7028,4.2,17.3,3.0
802,49679,1195,10.3,16.4,5.4
803,49680,1876,8.6,16.2,5.3
804,49682,3939,5.0,6.2,1.6
805,49683,2108,10.5,15.0,4.4
806,49684,39904,2.2,9.9,2.5
807,49686,32914,2.1,10.0,1.8
808,49688,2493,7.7,15.0,4.3
809,49689,1425,11.8,9.8,2.9
810,49690,7026,5.7,4.2,1.7
811,49701,977,13.1,16.9,6.1
812,49705,872,16.2,18.7,6.2
813,49706,4297,7.1,12.7,4.0
814,49707,21255,1.5,14.7,1.7
815,49709,3461,6.5,19.9,4.8
816,49710,383,24.0,13.6,9.4
817,49712,7970,3.1,6.1,1.2
818,49713,2091,7.4,9.9,4.0
819,49715,3469,6.1,10.0,2.8
820,49716,1007,16.0,4.9,2.8
821,49717,111,65.8,13.5,19.8
822,49718,630,16.0,18.4,10.2
823,49719,1176,14.9,10.1,4.8
824,49720,8568,2.9,10.4,2.3
825,49721,13888,2.0,14.1,2.3
826,49722,306,50.0,10.1,10.8
827,49724,1131,20.0,12.0,5.9
828,49725,677,21.6,13.3,8.0
829,49726,1051,12.5,5.1,2.0
830,49727,7171,4.4,13.6,3.2
831,49728,264,23.1,14.0,7.2
832,49729,1537,8.3,4.4,2.4
833,49730,2187,9.4,10.7,3.8
834,49733,2064,12.1,17.7,5.0
835,49735,19372,1.2,14.1,2.9
836,49736,475,18.3,16.6,9.3
837,49738,9598,2.2,17.1,2.6
838,49740,6919,3.9,5.8,1.3
839,49743,766,11.6,14.6,5.4
840,49744,740,16.9,10.1,5.0
841,49745,973,19.3,14.2,5.8
842,49746,3249,6.0,14.6,3.1
843,49747,1948,8.9,14.1,5.0
844,49748,170,24.7,12.9,10.0
845,49749,3931,6.5,12.2,3.6
846,49751,2016,10.3,10.4,4.1
847,49752,755,25.7,18.9,17.1
848,49753,2075,8.7,8.2,2.8
849,49755,1964,10.4,15.9,4.5
850,49756,3594,7.7,16.0,4.3
851,49757,1067,28.4,29.8,28.6
852,49759,1509,8.8,11.2,4.6
853,49760,647,19.2,13.8,6.6
854,49762,603,18.2,14.1,7.0
855,49764,363,59.8,43.0,36.4
856,49765,3730,5.3,17.4,3.7
857,49766,2304,10.8,12.9,4.5
858,49768,448,30.1,28.3,24.3
859,49769,1657,11.3,11.2,3.9
860,49770,16748,1.4,8.1,1.5
861,49774,1764,11.7,12.6,5.2
862,49775,76,38.2,13.2,18.4
863,49776,1738,8.1,12.3,4.1
864,49777,1735,6.2,3.2,1.5
865,49779,4326,4.0,15.2,3.2
866,49780,1874,13.4,9.1,3.9
867,49781,3506,6.0,14.7,3.9
868,49782,573,11.5,9.9,4.2
869,49783,18370,2.1,17.8,3.1
870,49788,3499,12.4,43.4,11.8
871,49791,375,34.9,20.0,21.1
872,49793,186,33.9,12.9,12.9
873,49795,1925,8.4,17.7,4.1
874,49796,283,26.1,7.1,7.1
875,49799,2237,8.0,20.3,5.2
876,49801,11121,2.6,10.2,2.8
877,49802,5706,4.5,19.8,5.8
878,49805,359,30.1,11.7,12.3
879,49806,496,18.5,18.8,11.1
880,49807,3569,6.6,6.9,2.2
881,49808,211,46.4,10.0,10.0
882,49812,875,10.5,10.2,4.2
883,49814,1358,11.6,13.0,6.3
884,49815,281,27.8,14.9,12.8
885,49816,749,24.4,4.1,2.9
886,49817,575,16.5,5.6,3.5
887,49818,1003,18.3,5.3,3.5
888,49819,27,77.8,7.4,11.1
889,49820,294,28.9,24.8,14.3
890,49821,1217,10.3,5.8,2.1
891,49822,178,32.6,9.0,10.1
892,49825,211,41.2,16.1,19.9
893,49826,258,45.3,0.0,3.9
894,49827,998,15.6,21.2,8.4
895,49829,16443,2.3,16.3,2.5
896,49831,824,16.1,5.9,4.1
897,49833,178,46.1,0.0,5.6
898,49834,221,34.8,5.0,6.3
899,49835,914,10.0,18.1,5.6
900,49836,847,14.4,21.5,7.7
901,49837,9251,2.6,10.9,3.0
902,49838,453,26.5,24.3,16.6
903,49839,395,35.2,24.1,23.3
904,49840,603,16.3,9.0,4.8
905,49841,7253,3.9,19.7,4.1
906,49847,1058,15.1,15.6,8.4
907,49848,71,32.4,8.5,9.9
908,49849,12118,2.3,10.4,2.1
909,49852,105,31.4,24.8,21.9
910,49853,1141,11.7,13.5,5.0
911,49854,6161,2.8,17.3,3.9
912,49855,29663,1.7,19.0,2.0
913,49858,11516,1.5,13.1,3.0
914,49861,518,13.9,10.6,5.6
915,49862,4132,7.3,10.5,3.1
916,49863,146,28.1,39.7,20.5
917,49864,78,38.5,19.2,17.9
918,49866,7973,2.7,8.4,2.6
919,49868,4228,5.6,17.5,4.8
920,49870,3301,3.8,7.8,2.9
921,49871,558,24.6,17.9,10.9
922,49872,164,24.4,12.2,9.8
923,49873,93,41.9,3.2,4.3
924,49874,845,12.4,18.8,9.5
925,49876,1198,18.9,5.2,5.3
926,49877,17,76.5,41.2,47.1
927,49878,3344,5.8,11.0,2.5
928,49879,968,10.2,17.7,5.5
929,49880,1013,12.7,9.5,3.7
930,49881,298,29.9,7.7,7.7
931,49883,118,50.8,28.8,33.1
932,49884,367,32.4,16.9,14.7
933,49885,1868,11.9,14.8,7.6
934,49886,553,27.3,12.5,5.8
935,49887,2515,7.1,12.6,3.6
936,49891,673,18.9,14.7,8.9
937,49892,1874,7.2,10.0,4.4
938,49893,1384,13.1,8.4,4.7
939,49894,750,34.9,4.3,5.2
940,49895,649,22.7,6.2,3.2
941,49896,1663,9.1,17.0,3.5
942,49901,215,28.4,8.4,6.5
943,49902,175,40.0,12.6,12.0
944,49903,78,32.1,11.5,9.0
945,49905,1983,13.5,12.2,6.8
946,49908,2370,12.6,17.8,4.0
947,49910,252,21.4,2.0,2.0
948,49911,2721,9.0,17.2,5.8
949,49912,937,11.1,17.0,4.9
950,49913,6506,3.2,17.6,3.8
951,49915,319,27.0,19.4,14.1
952,49916,2977,9.5,3.9,1.8
953,49917,196,26.5,15.8,9.2
954,49918,102,32.4,11.8,6.9
955,49919,179,29.6,21.8,12.3
956,49920,3917,5.0,11.9,2.7
957,49921,389,43.4,51.9,44.5
958,49922,652,23.8,16.6,12.7
959,49925,505,18.8,14.3,7.3
960,49927,472,17.2,14.4,8.1
961,49929,230,34.3,7.4,5.2
962,49930,6817,4.7,17.8,5.3
963,49931,7559,5.1,32.6,5.5
964,49934,831,24.3,8.5,5.3
965,49935,5826,3.2,13.4,3.2
966,49938,7257,2.7,17.2,3.2
967,49942,368,44.3,7.3,6.5
968,49945,2533,9.4,19.7,5.7
969,49946,3651,3.4,14.1,3.3
970,49947,478,19.9,7.9,8.6
971,49948,593,19.1,15.2,7.8
972,49950,1201,9.1,11.2,4.1
973,49952,111,56.8,7.2,10.8
974,49953,2266,5.9,11.4,4.3
975,49955,370,32.2,4.9,5.4
976,49958,738,21.5,11.8,7.0
977,49959,342,31.0,22.5,16.7
978,49960,157,32.5,6.4,5.7
979,49961,100,35.0,28.0,23.0
980,49962,237,22.8,13.9,12.2
981,49963,1000,20.4,18.2,9.4
982,49965,690,41.3,47.0,44.3
983,49967,456,20.6,25.7,13.4
984,49968,1821,7.8,19.8,6.5
985,49969,1258,11.0,14.7,4.7
986,49970,285,23.2,7.7,7.4
987,49971,478,18.2,11.3,5.6
988,54540,916,16.9,10.6,4.9
989,54554,991,13.0,12.5,7.2
